LogID,BookingID,trip_start_date,actual_eta,Data_Ping_time,Origin_Location,Current_Location,Destination_Location,Log_Description,Org_lat_lon,Des_lat_lon,GpsProvider
,MVCV0000927/082021,8/17/2020 14:59,8/28/2020 14:38,8/24/2020 0:05,"TVSLSL-PUZHAL-HUB,CHENNAI,TAMIL NADU","Vaniyambadi Rd, Valayambattu, Tamil Nadu 635752, India","ASHOK LEYLAND PLANT 1- HOSUR,HOSUR,KARNATAKA",,"13.1550,80.1960","12.7400,77.8200",CONSENT TRACK
,VCV00014271/082021,8/27/2020 16:21,8/28/2020 12:46,8/28/2020 12:40,"DAIMLER INDIA COMMERCIAL VEHICLES,KANCHIPURAM,TAMIL NADU","Unnamed Road, Oragadam Industrial Corridor, Vattambakkam R.F., Tamil Nadu 631605, India","DAIMLER INDIA COMMERCIAL VEHICLES,KANCHIPURAM,TAMIL NADU",,"12.8390,79.9540","12.8390,79.9540",VAMOSYS
,VCV00014382/082021,8/27/2020 17:57,8/28/2020 16:03,8/28/2020 9:05,"LUCAS TVS LTD-PONDY,PONDY,PONDICHERRY","570, National Hwy 48, Shenoy Nagar, Chennai, Tamil Nadu 600030, India","LUCAS TVS LTD-PONDY,PONDY,PONDICHERRY",,"11.8710,79.7390","11.8710,79.7390",CONSENT TRACK
,VCV00014743/082021,8/28/2020 0:47,8/28/2020 12:50,8/28/2020 12:40,"DAIMLER INDIA COMMERCIAL VEHICLES,KANCHIPURAM,TAMIL NADU","Singaperumal Koil - Sriperumbudur Rd, Oragadam Industrial Corridor, Vattambakkam R.F., Tamil Nadu 631605, India","DAIMLER INDIA COMMERCIAL VEHICLES,KANCHIPURAM,TAMIL NADU",,"12.8390,79.9540","12.8390,79.9540",VAMOSYS
,VCV00014744/082021,8/28/2020 1:13,8/28/2020 14:22,8/28/2020 12:40,"LUCAS TVS LTD-PONDY,PONDY,PONDICHERRY","Melmaruvathur, Tamil Nadu 603319, India","LUCAS TVS LTD-PONDY,PONDY,PONDICHERRY",,"11.8720,79.6320","11.8720,79.6320",VAMOSYS
,VCV00014749/082021,8/28/2020 2:13,8/28/2020 13:25,8/28/2020 12:40,"DAIMLER INDIA COMMERCIAL VEHICLES,KANCHIPURAM,TAMIL NADU","Ind.park Road, Nayapakkam, Tamil Nadu 602105, India","DAIMLER INDIA COMMERCIAL VEHICLES,KANCHIPURAM,TAMIL NADU",,"12.8390,79.9540","12.8390,79.9540",VAMOSYS
,VCV00014750/082021,8/28/2020 2:19,8/28/2020 17:38,8/28/2020 12:40,"DAIMLER INDIA COMMERCIAL VEHICLES,KANCHIPURAM,TAMIL NADU","Rettai Kovil Bus Stop, 64, Salem - Ulundurpettai Hwy, K R Nagar, Seelanaickenpatti, Salem, Tamil Nadu 636006, India","DAIMLER INDIA COMMERCIAL VEHICLES,KANCHIPURAM,TAMIL NADU",,"12.8390,79.9540","12.8390,79.9540",VAMOSYS
,VCV00014812/082021,8/28/2020 9:21,8/28/2020 12:49,8/28/2020 12:40,"DAIMLER INDIA COMMERCIAL VEHICLES,KANCHIPURAM,TAMIL NADU","Singaperumal Koil - Sriperumbudur Rd, Oragadam Industrial Corridor, Vattambakkam R.F., Tamil Nadu 631605, India","DAIMLER INDIA COMMERCIAL VEHICLES,KANCHIPURAM,TAMIL NADU",,"12.8390,79.9540","12.8390,79.9540",VAMOSYS
,MVCV0001769/082021,8/28/2020 9:38,8/28/2020 15:00,8/28/2020 9:00,"ASHOK LEYLAND ENNORE,CHENNAI,TAMIL NADU","Mumbai Hwy, Komeswaram, Tamil Nadu 635802, India","ASHOK LEYLAND PLANT 2-HOSUR,HOSUR,KARNATAKA",,"13.2150,80.3200","12.7660,77.7860",CONSENT TRACK
,VCV00014665/082021,8/27/2020 22:27,8/28/2020 12:46,8/28/2020 12:40,"DAIMLER INDIA COMMERCIAL VEHICLES,KANCHIPURAM,TAMIL NADU","Unnamed Road, Oragadam Industrial Corridor, Vattambakkam R.F., Tamil Nadu 631605, India","DAIMLER INDIA COMMERCIAL VEHICLES,KANCHIPURAM,TAMIL NADU",,"12.8390,79.9540","12.8390,79.9540",VAMOSYS
,VCV00014745/082021,8/28/2020 1:35,8/28/2020 12:50,8/28/2020 12:40,"DAIMLER INDIA COMMERCIAL VEHICLES,KANCHIPURAM,TAMIL NADU","Singaperumal Koil - Sriperumbudur Rd, Oragadam Industrial Corridor, Vattambakkam R.F., Tamil Nadu 631605, India","DAIMLER INDIA COMMERCIAL VEHICLES,KANCHIPURAM,TAMIL NADU",,"12.8390,79.9540","12.8390,79.9540",VAMOSYS
,VCV00014866/082021,8/28/2020 10:16,8/28/2020 15:43,8/27/2020 0:00,"ASHOK LEYLAND PLANT 2-HOSUR,HOSUR,KARNATAKA","SH 127, Pallikonda, Tamil Nadu 635809, India","TVSLSL-PUZHAL-HUB,CHENNAI,TAMIL NADU",,"12.7510,77.8040","13.1550,80.1960",CONSENT TRACK
,VCV00014879/082021,8/28/2020 10:26,8/28/2020 12:53,8/28/2020 12:40,"DAIMLER INDIA COMMERCIAL VEHICLES,KANCHIPURAM,TAMIL NADU","SH 57, Oragadam Industrial Corridor, Perinjambakkam, Tamil Nadu 631604, India","DAIMLER INDIA COMMERCIAL VEHICLES,KANCHIPURAM,TAMIL NADU",,"12.8390,79.9540","12.8390,79.9540",KRC LOGISTICS
,VCV00014872/082021,8/28/2020 10:22,8/28/2020 12:50,8/28/2020 12:40,"DAIMLER INDIA COMMERCIAL VEHICLES,KANCHIPURAM,TAMIL NADU","Singaperumal Koil - Sriperumbudur Rd, Oragadam Industrial Corridor, Vattambakkam R.F., Tamil Nadu 631605, India","DAIMLER INDIA COMMERCIAL VEHICLES,KANCHIPURAM,TAMIL NADU",,"12.8390,79.9540","12.8390,79.9540",VAMOSYS
,VCV00014554/082021,8/27/2020 20:33,8/28/2020 12:46,8/28/2020 12:40,"DAIMLER INDIA COMMERCIAL VEHICLES,KANCHIPURAM,TAMIL NADU","Unnamed Road, Oragadam Industrial Corridor, Vattambakkam R.F., Tamil Nadu 631605, India","DAIMLER INDIA COMMERCIAL VEHICLES,KANCHIPURAM,TAMIL NADU",,"12.8390,79.9540","12.8390,79.9540",VAMOSYS
,VCV00014571/082021,8/27/2020 20:47,8/28/2020 13:06,8/28/2020 12:40,"LUCAS TVS LTD-AMBATTUR,CHENNAI,TAMIL NADU","Unnamed Road, Thiruvandarkoil, Puducherry 605107, India","LUCAS TVS LTD-PONDY,PONDY,PONDICHERRY",,"13.1020,80.1940","11.8720,79.6320",VAMOSYS
,VCV00014582/082021,8/27/2020 20:59,8/28/2020 12:48,8/28/2020 12:40,"DAIMLER INDIA COMMERCIAL VEHICLES,KANCHIPURAM,TAMIL NADU","Singaperumal Koil - Sriperumbudur Rd, Oragadam Industrial Corridor, Vattambakkam R.F., Tamil Nadu 631605, India","DAIMLER INDIA COMMERCIAL VEHICLES,KANCHIPURAM,TAMIL NADU",,"12.8390,79.9540","12.8390,79.9540",VAMOSYS
,VCV00014600/082021,8/27/2020 21:12,8/28/2020 12:56,8/28/2020 12:40,"LUCAS TVS LTD-PONDY,PONDY,PONDICHERRY","39/92, Tass Industrial Estate, Sidco Industrial Estate, Ambattur, Chennai, Tamil Nadu 600058, India","LUCAS TVS LTD-PONDY,PONDY,PONDICHERRY",,"11.8720,79.6320","13.1020,80.1940",VAMOSYS
,VCV00014753/082021,8/28/2020 3:08,8/28/2020 12:48,8/28/2020 12:40,"DAIMLER INDIA COMMERCIAL VEHICLES,KANCHIPURAM,TAMIL NADU","Singaperumal Koil - Sriperumbudur Rd, Oragadam Industrial Corridor, Vattambakkam R.F., Tamil Nadu 631605, India","DAIMLER INDIA COMMERCIAL VEHICLES,KANCHIPURAM,TAMIL NADU",,"12.8390,79.9540","12.8390,79.9540",VAMOSYS
,VCV00014902/082021,8/28/2020 10:54,8/28/2020 12:49,8/28/2020 12:40,"DAIMLER INDIA COMMERCIAL VEHICLES,KANCHIPURAM,TAMIL NADU","5, Renault Nissan Suppliers Park Rd, Oragadam Industrial Corridor, Vattambakkam R.F., Tamil Nadu 631605, India","DAIMLER INDIA COMMERCIAL VEHICLES,KANCHIPURAM,TAMIL NADU",,"12.8390,79.9540","12.8390,79.9540",VAMOSYS
,VCV00015028/082021,8/28/2020 12:03,8/28/2020 12:49,8/28/2020 12:40,"DAIMLER INDIA COMMERCIAL VEHICLES,KANCHIPURAM,TAMIL NADU","Singaperumal Koil - Sriperumbudur Rd, Oragadam Industrial Corridor, Vattambakkam R.F., Tamil Nadu 631605, India","DAIMLER INDIA COMMERCIAL VEHICLES,KANCHIPURAM,TAMIL NADU",,"12.8390,79.9540","12.8390,79.9540",VAMOSYS
,VCV00014886/082021,8/28/2020 10:29,8/28/2020 12:51,8/26/2020 15:10,"ASHOK LEYLAND PLANT 2-HOSUR,HOSUR,KARNATAKA","Plot.no.6, Venkateswara housing Colony, Sri Venketeswara Colony, Kumudepalli, Hosur, Tamil Nadu 635109, India","ASHOK LEYLAND ENNORE,CHENNAI,TAMIL NADU",,"13.2150,80.3200","12.7260,77.8760",CONSENT TRACK
,VCV00014888/082021,8/28/2020 10:30,8/28/2020 12:53,8/28/2020 12:40,"TRACTORS & FARM EQUIPMENT LIMITED,KANCHIPURAM,TAMIL NADU","Chennai - Theni Hwy, Maraimalai Nagar, Tamil Nadu 603209, India","TRACTORS & FARMS EQUIPMENTS LIMITED,KANCHIPURAM,TAMIL NADU",,"12.7770,80.0250","12.7780,80.0250",VAMOSYS
,VCV00014914/082021,8/28/2020 11:00,8/28/2020 12:48,8/28/2020 12:40,"DAIMLER INDIA COMMERCIAL VEHICLES,KANCHIPURAM,TAMIL NADU","Service Rd, Oragadam Industrial Corridor, Tamil Nadu 631605, India","DAIMLER INDIA COMMERCIAL VEHICLES,KANCHIPURAM,TAMIL NADU",,"12.8390,79.9540","12.8390,79.9540",VAMOSYS
,VCV00014931/082021,8/28/2020 11:11,8/28/2020 13:02,8/28/2020 12:40,"DAIMLER INDIA COMMERCIAL VEHICLES,KANCHIPURAM,TAMIL NADU","Part C, B200, IndoSpace Industrial Park Oragadam I Phase II Panrutti Village Oragadam - Wallajabad Road, Sriperumbudur Taluk, Kanchipuram District, Chennai, Sethupet, Tamil Nadu 631604, India","DAIMLER INDIA COMMERCIAL VEHICLES,KANCHIPURAM,TAMIL NADU",,"12.8390,79.9540","12.8390,79.9540",VAMOSYS
,VCV00014983/082021,8/28/2020 11:41,8/28/2020 12:49,8/28/2020 12:40,"DAIMLER INDIA COMMERCIAL VEHICLES,KANCHIPURAM,TAMIL NADU","SH 57, Oragadam Industrial Corridor, Panapakkam, Tamil Nadu 631605, India","DAIMLER INDIA COMMERCIAL VEHICLES,KANCHIPURAM,TAMIL NADU",,"12.8390,79.9540","12.8390,79.9540",VAMOSYS
,VCV00014984/082021,8/28/2020 11:41,8/28/2020 12:49,8/28/2020 12:40,"DAIMLER INDIA COMMERCIAL VEHICLES,KANCHIPURAM,TAMIL NADU","Singaperumal Koil - Sriperumbudur Rd, Oragadam Industrial Corridor, Vattambakkam R.F., Tamil Nadu 631605, India","DAIMLER INDIA COMMERCIAL VEHICLES,KANCHIPURAM,TAMIL NADU",,"12.8390,79.9540","12.8390,79.9540",VAMOSYS
,VCV00014991/082021,8/28/2020 11:48,8/28/2020 13:13,8/28/2020 12:40,"DAIMLER INDIA COMMERCIAL VEHICLES,KANCHIPURAM,TAMIL NADU","Gokulapuram Main Rd, Maraimalai Nagar, Tamil Nadu 603209, India","DAIMLER INDIA COMMERCIAL VEHICLES,KANCHIPURAM,TAMIL NADU",,"12.8390,79.9540","12.8390,79.9540",VAMOSYS
,VCV00012634/082021,8/25/2020 17:20,8/28/2020 12:55,8/28/2020 12:40,"LUCAS TVS LTD-PONDY,PONDY,PONDICHERRY","6, Ashoka Nagar St, Kanna Bala Nagar, Ashoka Nagar, Sri Sakthi Nagar, Arumbakkam, Chennai, Tamil Nadu 600106, India","LUCAS TVS LTD-PONDY,PONDY,PONDICHERRY",,"11.8720,79.6320","13.1020,80.1940",VAMOSYS
,VCV00012746/082021,8/25/2020 20:57,8/28/2020 12:48,8/28/2020 12:40,"DAIMLER INDIA COMMERCIAL VEHICLES,KANCHIPURAM,TAMIL NADU","Singaperumal Koil - Sriperumbudur Rd, Oragadam Industrial Corridor, Vattambakkam R.F., Tamil Nadu 631605, India","DAIMLER INDIA COMMERCIAL VEHICLES,KANCHIPURAM,TAMIL NADU",,"12.8390,79.9540","12.8390,79.9540",VAMOSYS
,VCV00012911/082021,8/26/2020 10:07,8/28/2020 16:03,8/28/2020 12:40,"LUCAS TVS LTD-PONDY,PONDY,PONDICHERRY","TVS 30 Feet Rd, TVS Industries, Korattur, Chennai, Tamil Nadu 600076, India","LUCAS TVS LTD-PONDY,PONDY,PONDICHERRY",,"11.8710,79.7390","11.8710,79.7390",VAMOSYS
,VCV00012946/082021,8/26/2020 10:45,8/28/2020 12:46,8/28/2020 12:40,"DAIMLER INDIA COMMERCIAL VEHICLES,KANCHIPURAM,TAMIL NADU","Unnamed Road, Oragadam Industrial Corridor, Oragaram, Tamil Nadu 631605, India","DAIMLER INDIA COMMERCIAL VEHICLES,KANCHIPURAM,TAMIL NADU",,"12.8390,79.9540","12.8390,79.9540",VAMOSYS
,MVCV0001572/082021,8/26/2020 11:19,8/28/2020 12:58,8/26/2020 11:15,"ASHOK LEYLAND ENNORE,CHENNAI,TAMIL NADU","Bangalore, Hosur - Krishnagiri Rd, Hosur, Tamil Nadu 635109, India","ASHOK LEYLAND PLANT 1- HOSUR,HOSUR,KARNATAKA",,"13.2150,80.3200","12.7660,77.7860",CONSENT TRACK
,VCV00013052/082021,8/26/2020 11:51,8/28/2020 12:47,8/28/2020 12:40,"DAIMLER INDIA COMMERCIAL VEHICLES,KANCHIPURAM,TAMIL NADU","Service Rd, Oragadam Industrial Corridor, Tamil Nadu 631605, India","DAIMLER INDIA COMMERCIAL VEHICLES,KANCHIPURAM,TAMIL NADU",,"12.8390,79.9540","12.8390,79.9540",VAMOSYS
,VCV00013197/082021,8/26/2020 14:27,8/28/2020 12:50,8/28/2020 12:40,"DAIMLER INDIA COMMERCIAL VEHICLES,KANCHIPURAM,TAMIL NADU","Singaperumal Koil - Sriperumbudur Rd, Oragadam Industrial Corridor, Vattambakkam R.F., Tamil Nadu 631605, India","DAIMLER INDIA COMMERCIAL VEHICLES,KANCHIPURAM,TAMIL NADU",,"12.8390,79.9540","12.8390,79.9540",VAMOSYS
,MVCV0001605/082021,8/26/2020 17:06,8/28/2020 12:59,8/26/2020 12:45,"ASHOK LEYLAND ENNORE,CHENNAI,TAMIL NADU","Opp to Gee Vee Feb, Hosur, Tamil Nadu 635109, India","ASHOK LEYLAND PLANT 2-HOSUR,HOSUR,KARNATAKA",,"13.2150,80.3200","12.7660,77.7860",CONSENT TRACK
,MVCV0001598/082021,8/26/2020 16:20,8/28/2020 13:25,8/28/2020 11:55,"LUCAS TVS LTD-AMBATTUR,CHENNAI,TAMIL NADU","Katterikuppam Rd, Kaliingamalai, Tamil Nadu 605502, India","LUCAS TVS LTD-PONDY,PONDY,PONDICHERRY",,"13.1020,80.1940","11.8720,79.6320",CONSENT TRACK
,VCV00013648/082021,8/26/2020 20:45,8/28/2020 12:46,8/28/2020 12:40,"DAIMLER INDIA COMMERCIAL VEHICLES,KANCHIPURAM,TAMIL NADU","Unnamed Road, Oragadam Industrial Corridor, Vattambakkam R.F., Tamil Nadu 631605, India","DAIMLER INDIA COMMERCIAL VEHICLES,KANCHIPURAM,TAMIL NADU",,"12.8390,79.9540","12.8390,79.9540",VAMOSYS
,VCV00013650/082021,8/26/2020 20:55,8/28/2020 17:14,8/24/2020 7:25,"DAIMLER INDIA COMMERCIAL VEHICLES,KANCHIPURAM,TAMIL NADU","Salem Rd, Mettupatti, Tamil Nadu 636106, India","DAIMLER INDIA COMMERCIAL VEHICLES,KANCHIPURAM,TAMIL NADU",,"12.8390,79.9540","12.8390,79.9540",VAMOSYS
,VCV00013716/082021,8/26/2020 22:31,8/28/2020 12:48,8/28/2020 12:40,"DAIMLER INDIA COMMERCIAL VEHICLES,KANCHIPURAM,TAMIL NADU","Service Rd, Oragadam Industrial Corridor, Tamil Nadu 631605, India","DAIMLER INDIA COMMERCIAL VEHICLES,KANCHIPURAM,TAMIL NADU",,"12.8390,79.9540","12.8390,79.9540",VAMOSYS
,VCV00013890/082021,8/27/2020 11:24,8/28/2020 18:48,8/26/2020 14:55,"ASHOK LEYLAND ENNORE,CHENNAI,TAMIL NADU","31, 2nd Streed, Sathiyavanimuthu Nagar, Ennore,Kathivkkam Chennai-57., Ashok Leyland Area, Chennai, Tamil Nadu 600057, India","ASHOK LEYLAND PLANT 2-HOSUR,HOSUR,KARNATAKA",,"13.2150,80.3200","12.7660,77.7860",CONSENT TRACK
,VCV00013840/082021,8/27/2020 10:07,8/28/2020 13:08,8/28/2020 12:40,"LUCAS TVS LTD-PONDY,PONDY,PONDICHERRY","supreme nagar, Nettapakkam, Puducherry 605106, India","LUCAS TVS LTD-PONDY,PONDY,PONDICHERRY",,"11.8710,79.7390","11.8710,79.7390",VAMOSYS
,VCV00013803/082021,8/27/2020 8:57,8/28/2020 12:48,8/28/2020 12:40,"DAIMLER INDIA COMMERCIAL VEHICLES,KANCHIPURAM,TAMIL NADU","Singaperumal Koil - Sriperumbudur Rd, Oragadam Industrial Corridor, Vattambakkam R.F., Tamil Nadu 631605, India","DAIMLER INDIA COMMERCIAL VEHICLES,KANCHIPURAM,TAMIL NADU",,"12.8390,79.9540","12.8390,79.9540",VAMOSYS
,VCV00013914/082021,8/27/2020 11:49,8/28/2020 14:18,8/28/2020 12:40,"DAIMLER INDIA COMMERCIAL VEHICLES,KANCHIPURAM,TAMIL NADU","Mumbai Hwy, Arcot, Tamil Nadu 632503, India","DAIMLER INDIA COMMERCIAL VEHICLES,KANCHIPURAM,TAMIL NADU",,"12.8390,79.9540","12.8390,79.9540",VAMOSYS
,MVCV0001683/082021,8/27/2020 15:23,8/28/2020 12:58,8/24/2020 17:10,"TVSLSL-PUZHAL-HUB,CHENNAI,TAMIL NADU","No:42/2B, Vallalar Nagar,Opp to Ashok Leyland Unit 2, Sipcot Phase II Industrial Complex, Sipcot Ph 2, Hosur, Tamil Nadu 635109, India","ASHOK LEYLAND PLANT 1- HOSUR,HOSUR,KARNATAKA",,"13.1550,80.1960","12.7400,77.8200",CONSENT TRACK
,VCV00014179/082021,8/27/2020 15:32,8/28/2020 17:49,8/28/2020 12:40,"DAIMLER INDIA COMMERCIAL VEHICLES,KANCHIPURAM,TAMIL NADU","Unnamed Road, Belagondanahalli, Tamil Nadu 635110, India","DAIMLER INDIA COMMERCIAL VEHICLES,KANCHIPURAM,TAMIL NADU",,"12.8390,79.9540","12.8390,79.9540",VAMOSYS
,VCV00014639/082021,8/27/2020 21:50,8/28/2020 13:07,8/28/2020 12:40,"LUCAS TVS LTD-AMBATTUR,CHENNAI,TAMIL NADU","Unnamed Road, Thiruvandarkoil, Puducherry 605107, India","LUCAS TVS LTD-PONDY,PONDY,PONDICHERRY",,"13.1020,80.1940","11.8720,79.6320",VAMOSYS
,VCV00014742/082021,8/28/2020 0:32,8/28/2020 15:50,8/28/2020 12:40,"LUCAS TVS LTD-PONDY,PONDY,PONDICHERRY","Madagadipet-Thirukanur Rd, K Kuchipalayam, Puducherry 605107, India","LUCAS TVS LTD-PONDY,PONDY,PONDICHERRY",,"11.8720,79.6320","13.1020,80.1940",VAMOSYS
,VCV00014116/082021,8/27/2020 15:06,8/28/2020 12:49,8/28/2020 12:40,"DAIMLER INDIA COMMERCIAL VEHICLES,KANCHIPURAM,TAMIL NADU","Singaperumal Koil - Sriperumbudur Rd, Oragadam Industrial Corridor, Vattambakkam R.F., Tamil Nadu 631605, India","DAIMLER INDIA COMMERCIAL VEHICLES,KANCHIPURAM,TAMIL NADU",,"12.8390,79.9540","12.8390,79.9540",VAMOSYS
,VCV00014136/082021,8/27/2020 15:08,8/28/2020 16:16,8/28/2020 12:30,"TVSLSL-PUZHAL-HUB,CHENNAI,TAMIL NADU","Mumbai Hwy, Thenkadapanthangal, Tamil Nadu 632513, India","ASHOK LEYLAND PLANT 1- HOSUR,HOSUR,KARNATAKA",,"13.1550,80.1960","12.7510,77.8040",BEECON
,VCV00014160/082021,8/27/2020 15:23,8/28/2020 17:44,8/28/2020 12:40,"DAIMLER INDIA COMMERCIAL VEHICLES,KANCHIPURAM,TAMIL NADU","Sandhar, Attibele Industrial Area, Karnataka 562107, India","DAIMLER INDIA COMMERCIAL VEHICLES,KANCHIPURAM,TAMIL NADU",,"12.8390,79.9540","12.8390,79.9540",VAMOSYS
,VCV00014729/082021,8/27/2020 23:28,8/28/2020 15:53,8/23/2020 0:05,"LUCAS TVS LTD-PONDY,PONDY,PONDICHERRY","Unnamed Road, Thiruvandarkoil, Puducherry 605107, India","LUCAS TVS LTD-AMBATTUR,CHENNAI,TAMIL NADU",,"11.8720,79.6320","13.1020,80.1940",CONSENT TRACK
,MVCV0001782/082021,8/28/2020 9:46,8/28/2020 12:54,8/28/2020 12:00,"ASHOK LEYLAND ENNORE,CHENNAI,TAMIL NADU","69/70, SIPCOT Industrial Complex, Sipcot Ph. I, Hosur, Tamil Nadu 635126, India","ASHOK LEYLAND PLANT 1- HOSUR,HOSUR,KARNATAKA",,"13.2150,80.3200","12.7660,77.7860",CONSENT TRACK
,MVCV0001783/082021,8/28/2020 9:48,8/28/2020 12:54,8/28/2020 8:55,"ASHOK LEYLAND ENNORE,CHENNAI,TAMIL NADU","PAN ELECTRONICS (INDIA) LTD, 83, NH 44, Sipcot Ph. I, Hosur, Tamil Nadu 635126, India","ASHOK LEYLAND PLANT 1- HOSUR,HOSUR,KARNATAKA",,"13.2150,80.3200","12.7660,77.7860",CONSENT TRACK
,VCV00014847/082021,8/28/2020 9:58,8/28/2020 13:09,8/28/2020 12:40,"DAIMLER INDIA COMMERCIAL VEHICLES,KANCHIPURAM,TAMIL NADU","Mambakkam, Nenmeli, Sriperumbudur, Tamil Nadu 602105, India","DAIMLER INDIA COMMERCIAL VEHICLES,KANCHIPURAM,TAMIL NADU",,"12.8390,79.9540","12.8390,79.9540",VAMOSYS
,AEIBK2027618,8/27/2020 14:57,8/28/2020 12:52,8/27/2020 13:30,"Gopanapalli, Krishnagiri, Tamil Nadu","Kathivakkam High School Rd, Ashok Leyland Area, Ennore, Tamil Nadu 600057, India","Kamarajnagar, Tiruvallur, Tamil Nadu",,"12.671093,77.779537","13.187219,80.307731",CONSENT TRACK
,AEIBK2027593,8/27/2020 13:49,8/28/2020 12:56,8/28/2020 10:55,"Vellaripatti, Madurai, Tamil Nadu","Airport, Marase, Karnataka 570008, India","Devalapura, Mysore, Karnataka",,"9.973636,78.281783","12.223062,76.690357",CONSENT TRACK
,AEIBK2027507,8/26/2020 20:00,8/28/2020 13:46,8/28/2020 11:10,"Naickenpalayam, Coimbatore, Tamil Nadu","Unnamed Road, Tamil Nadu 636812, India","Mookandapalli, Krishnagiri, Tamil Nadu",,"11.154594,76.922532","12.746894,77.806168",CONSENT TRACK
,AEIBK2027326,8/25/2020 20:54,8/28/2020 12:56,8/26/2020 14:15,"Vellaripatti, Madurai, Tamil Nadu","Unnamed Road, Bandipalya, Mysuru, Karnataka 570010, India","Devalapura, Mysore, Karnataka",,"9.973636,78.281783","12.223062,76.690357",CONSENT TRACK
,AEIBK2027412,8/25/2020 22:04,8/28/2020 12:58,8/26/2020 12:55,"Vellaripatti, Madurai, Tamil Nadu","Unnamed Road, Marase, Karnataka 571311, India","Devalapura, Mysore, Karnataka",,"9.973636,78.281783","12.223062,76.690357",CONSENT TRACK
,AEIBK2027834,8/28/2020 11:35,8/28/2020 13:42,8/28/2020 12:00,"Gopanapalli, Krishnagiri, Tamil Nadu","SF - 41, DP-2, New SIDCO, MARAIMALAI NAGAR, Pavendar Salai, Maraimalai Nagar, Tamil Nadu 603209, India","Jagadambigainagar, Tiruvallur, Tamil Nadu",,"12.671093,77.779537","13.087428,80.184717",CONSENT TRACK
,AEIBK2027847,8/28/2020 10:45,8/28/2020 17:21,8/28/2020 10:20,"Vellaripatti, Madurai, Tamil Nadu","Unnamed Road, Kunnathur, Tamil Nadu 638103, India","Devalapura, Mysore, Karnataka",,"9.973636,78.281783","12.223062,76.690357",CONSENT TRACK
,AEIBK2027817,8/27/2020 21:18,8/28/2020 15:21,8/28/2020 11:15,"Vellaripatti, Madurai, Tamil Nadu","NH948, Talamalai R.F., Tamil Nadu 638503, India","Devalapura, Mysore, Karnataka",,"9.973636,78.281783","12.223062,76.690357",CONSENT TRACK
,AEIBK2027702,8/27/2020 22:13,8/28/2020 17:54,8/28/2020 11:15,"Vellaripatti, Madurai, Tamil Nadu","Main Block, NH 44, Periyanahalli, Tamil Nadu 635205, India","Devalapura, Mysore, Karnataka",,"9.973636,78.281783","12.223062,76.690357",CONSENT TRACK
,AEIBK2027512,8/26/2020 20:00,8/28/2020 12:52,8/27/2020 17:20,"Naickenpalayam, Coimbatore, Tamil Nadu","Kathivakkam High School Rd, Ashok Leyland Area, Ennore, Tamil Nadu 600057, India","Kamarajnagar, Tiruvallur, Tamil Nadu",,"11.154594,76.922532","13.187219,80.307731",CONSENT TRACK
,AEIBK2027091,8/23/2020 22:05,8/28/2020 21:13,8/23/2020 0:05,"Vellaripatti, Madurai, Tamil Nadu","324, Veera Kaliamman Kovil St, Jaihindpuram, Tamil Nadu 625020, India","Devalapura, Mysore, Karnataka",,"9.973636,78.281783","12.223062,76.690357",CONSENT TRACK
,AEIBK2027033,8/24/2020 10:03,8/28/2020 12:56,8/24/2020 15:50,"Vellaripatti, Madurai, Tamil Nadu","Airport, Marase, Karnataka 570008, India","Devalapura, Mysore, Karnataka",,"9.973636,78.281783","12.223062,76.690357",CONSENT TRACK
,VCV00014153/082021,8/27/2020 15:21,8/28/2020 12:13,8/28/2020 11:35,"DAIMLER INDIA COMMERCIAL VEHICLES,KANCHIPURAM,TAMIL NADU","Gokulapuram Main Rd, Maraimalai Nagar, Tamil Nadu 603209, India","DAIMLER INDIA COMMERCIAL VEHICLES,KANCHIPURAM,TAMIL NADU",,"12.8390,79.9540","12.8390,79.9540",VAMOSYS
,VCV00014063/082021,8/27/2020 14:21,8/28/2020 11:33,8/28/2020 11:25,"DAIMLER INDIA COMMERCIAL VEHICLES,KANCHIPURAM,TAMIL NADU","Singaperumal Koil - Sriperumbudur Rd, Oragadam Industrial Corridor, Vattambakkam R.F., Tamil Nadu 631605, India","DAIMLER INDIA COMMERCIAL VEHICLES,KANCHIPURAM,TAMIL NADU",,"12.8390,79.9540","12.8390,79.9540",VAMOSYS
,VCV00014741/082021,8/28/2020 0:31,8/28/2020 11:31,8/28/2020 11:25,"DAIMLER INDIA COMMERCIAL VEHICLES,KANCHIPURAM,TAMIL NADU","Unnamed Road, Oragadam Industrial Corridor, Oragaram, Tamil Nadu 631605, India","DAIMLER INDIA COMMERCIAL VEHICLES,KANCHIPURAM,TAMIL NADU",,"12.8390,79.9540","12.8390,79.9540",VAMOSYS
,AEIBK2027346,8/26/2020 11:58,8/28/2020 11:45,8/28/2020 11:25,"Naickenpalayam, Coimbatore, Tamil Nadu","Dharmapuri-Bengaluru Rd, Sipcot Ph. I, Hosur, Tamil Nadu 635126, India","Mookandapalli, Krishnagiri, Tamil Nadu",,"11.154594,76.922532","12.746894,77.806168",CONSENT TRACK
,VCV00014113/082021,8/27/2020 15:04,8/28/2020 11:04,8/28/2020 10:55,"DAIMLER INDIA COMMERCIAL VEHICLES,KANCHIPURAM,TAMIL NADU","Singaperumal Koil - Sriperumbudur Rd, Oragadam Industrial Corridor, Vattambakkam R.F., Tamil Nadu 631605, India","DAIMLER INDIA COMMERCIAL VEHICLES,KANCHIPURAM,TAMIL NADU",,"12.8390,79.9540","12.8390,79.9540",VAMOSYS
,VCV00013971/082021,8/27/2020 12:56,8/28/2020 10:48,8/28/2020 10:40,"DAIMLER INDIA COMMERCIAL VEHICLES,KANCHIPURAM,TAMIL NADU","Singaperumal Koil - Sriperumbudur Rd, Oragadam Industrial Corridor, Vattambakkam R.F., Tamil Nadu 631605, India","DAIMLER INDIA COMMERCIAL VEHICLES,KANCHIPURAM,TAMIL NADU",,"12.8390,79.9540","12.8390,79.9540",VAMOSYS
,MVCV0001571/082021,8/26/2020 11:17,8/28/2020 10:35,8/26/2020 11:10,"ASHOK LEYLAND ENNORE,CHENNAI,TAMIL NADU","Adiyaman College of Engineering Campus,, MGR Nagar, NH 44, Kumudepalli, Hosur, Tamil Nadu 635109, India","ASHOK LEYLAND PLANT 2-HOSUR,HOSUR,KARNATAKA",,"13.2150,80.3200","12.7660,77.7860",CONSENT TRACK
,VCV00013034/082021,8/26/2020 11:33,8/28/2020 10:20,8/26/2020 15:10,"ASHOK LEYLAND ENNORE,CHENNAI,TAMIL NADU","Plot.no.6, Venkateswara housing Colony, Sri Venketeswara Colony, Kumudepalli, Hosur, Tamil Nadu 635109, India","ASHOK LEYLAND PLANT 2-HOSUR,HOSUR,KARNATAKA",,"13.2150,80.3200","12.7660,77.7860",CONSENT TRACK
,MVCV0001604/082021,8/26/2020 17:04,8/28/2020 12:17,8/28/2020 6:00,"ASHOK LEYLAND ENNORE,CHENNAI,TAMIL NADU","Unnamed Road, Ambur, Tamil Nadu 635802, India","ASHOK LEYLAND PLANT 2-HOSUR,HOSUR,KARNATAKA",,"13.2150,80.3200","12.7660,77.7860",CONSENT TRACK
,VCV00013841/082021,8/27/2020 10:08,8/28/2020 10:13,8/28/2020 9:55,"DAIMLER INDIA COMMERCIAL VEHICLES,KANCHIPURAM,TAMIL NADU","Venkateshwara Nagar Bus Stop, Vallam, Tamil Nadu 631604, India","DAIMLER INDIA COMMERCIAL VEHICLES,KANCHIPURAM,TAMIL NADU",,"12.8390,79.9540","12.8390,79.9540",VAMOSYS
,VCV00014096/082021,8/27/2020 14:50,8/28/2020 9:46,8/28/2020 9:35,"DAIMLER INDIA COMMERCIAL VEHICLES,KANCHIPURAM,TAMIL NADU","Unnamed Road, Oragadam Industrial Corridor, Vattambakkam R.F., Tamil Nadu 631605, India","DAIMLER INDIA COMMERCIAL VEHICLES,KANCHIPURAM,TAMIL NADU",,"12.8390,79.9540","12.8390,79.9540",VAMOSYS
,VCV00013818/082021,8/27/2020 9:26,8/28/2020 9:53,8/28/2020 9:35,"TRACTORS & FARM EQUIPMENT LIMITED,KANCHIPURAM,TAMIL NADU","Chennai - Theni Hwy, Maraimalai Nagar, Tamil Nadu 603209, India","TRACTORS & FARMS EQUIPMENTS LIMITED,KANCHIPURAM,TAMIL NADU",,"12.7770,80.0250","12.7780,80.0250",VAMOSYS
,VCV00013819/082021,8/27/2020 9:26,8/28/2020 9:45,8/28/2020 9:35,"TRACTORS & FARM EQUIPMENT LIMITED,KANCHIPURAM,TAMIL NADU","Road to Areva Bio Energy India Pvt Ltd, Maraimalai Nagar, Tamil Nadu 603209, India","TRACTORS & FARMS EQUIPMENTS LIMITED,KANCHIPURAM,TAMIL NADU",,"12.7770,80.0250","12.7780,80.0250",VAMOSYS
,VCV00014017/082021,8/27/2020 13:37,8/28/2020 9:50,8/28/2020 9:35,"DAIMLER INDIA COMMERCIAL VEHICLES,KANCHIPURAM,TAMIL NADU","Singaperumal Koil - Sriperumbudur Rd, Oragadam Industrial Corridor, Vattambakkam R.F., Tamil Nadu 631605, India","DAIMLER INDIA COMMERCIAL VEHICLES,KANCHIPURAM,TAMIL NADU",,"12.8390,79.9540","12.8390,79.9540",VAMOSYS
,VCV00014735/082021,8/27/2020 23:39,8/28/2020 6:34,8/28/2020 6:25,"DAIMLER INDIA COMMERCIAL VEHICLES,KANCHIPURAM,TAMIL NADU","Singaperumal Koil - Sriperumbudur Rd, Oragadam Industrial Corridor, Vattambakkam R.F., Tamil Nadu 631605, India","DAIMLER INDIA COMMERCIAL VEHICLES,KANCHIPURAM,TAMIL NADU",,"12.8390,79.9540","12.8390,79.9540",VAMOSYS
,VCV00014755/082021,8/28/2020 3:50,8/28/2020 6:17,8/28/2020 6:10,"LUCAS TVS LTD-PONDY,PONDY,PONDICHERRY","5th street, hot chips, 12th Main Rd, Opposite to, TVS Industries, Padi, Chennai, Tamil Nadu 600040, India","LUCAS TVS LTD-AMBATTUR,CHENNAI,TAMIL NADU",,"11.8720,79.6320","13.1020,80.1940",VAMOSYS
,VCV00014647/082021,8/27/2020 21:54,8/28/2020 3:32,8/28/2020 3:25,"LUCAS TVS LTD-AMBATTUR,CHENNAI,TAMIL NADU","Madukkarai Main Rd, Nettapakkam, Puducherry 605106, India","LUCAS TVS LTD-PONDY,PONDY,PONDICHERRY",,"13.1020,80.1940","11.8720,79.6320",VAMOSYS
,VCV00013531/082021,8/26/2020 18:35,8/28/2020 3:52,8/28/2020 2:55,"DAIMLER INDIA COMMERCIAL VEHICLES,KANCHIPURAM,TAMIL NADU","1/160, Kannivakkam, Keerappakkam, Tamil Nadu 603202, India","DAIMLER INDIA COMMERCIAL VEHICLES,KANCHIPURAM,TAMIL NADU",,"12.8390,79.9540","12.8390,79.9540",VAMOSYS
,VCV00012819/082021,8/25/2020 23:32,8/28/2020 2:27,8/28/2020 2:05,"DAIMLER INDIA COMMERCIAL VEHICLES,KANCHIPURAM,TAMIL NADU","Singaperumalkoil - Sriperumbudur - Tiruvallur - Redhills Rd, Kaduvancheri, Tamil Nadu 602105, India","DAIMLER INDIA COMMERCIAL VEHICLES,KANCHIPURAM,TAMIL NADU",,"12.8390,79.9540","12.8390,79.9540",VAMOSYS
,VCV00013919/082021,8/27/2020 11:50,8/28/2020 2:04,8/28/2020 1:45,"DAIMLER INDIA COMMERCIAL VEHICLES,KANCHIPURAM,TAMIL NADU","Singaperumal Koil - Sriperumbudur Rd, Oragadam Industrial Corridor, Vattambakkam R.F., Tamil Nadu 631605, India","DAIMLER INDIA COMMERCIAL VEHICLES,KANCHIPURAM,TAMIL NADU",,"12.8390,79.9540","12.8390,79.9540",VAMOSYS
,VCV00014549/082021,8/27/2020 20:19,8/28/2020 1:34,8/28/2020 1:25,"DAIMLER INDIA COMMERCIAL VEHICLES,KANCHIPURAM,TAMIL NADU","Singaperumal Koil - Sriperumbudur Rd, Oragadam Industrial Corridor, Vattambakkam R.F., Tamil Nadu 631605, India","DAIMLER INDIA COMMERCIAL VEHICLES,KANCHIPURAM,TAMIL NADU",,"12.8390,79.9540","12.8390,79.9540",VAMOSYS
,VCV00013912/082021,8/27/2020 11:46,8/28/2020 0:34,8/28/2020 0:25,"DAIMLER INDIA COMMERCIAL VEHICLES,KANCHIPURAM,TAMIL NADU","Singaperumal Koil - Sriperumbudur Rd, Oragadam Industrial Corridor, Vattambakkam R.F., Tamil Nadu 631605, India","DAIMLER INDIA COMMERCIAL VEHICLES,KANCHIPURAM,TAMIL NADU",,"12.8390,79.9540","12.8390,79.9540",VAMOSYS
,VCV00014739/082021,8/28/2020 0:21,8/28/2020 0:39,8/28/2020 0:25,"DAIMLER INDIA COMMERCIAL VEHICLES,KANCHIPURAM,TAMIL NADU","Perumalpattu - Kottamedu Rd, Vallam, Tamil Nadu 602105, India","DAIMLER INDIA COMMERCIAL VEHICLES,KANCHIPURAM,TAMIL NADU",,"12.8390,79.9540","12.8390,79.9540",VAMOSYS
,VCV00013896/082021,8/27/2020 11:35,8/27/2020 23:34,8/27/2020 23:25,"DAIMLER INDIA COMMERCIAL VEHICLES,KANCHIPURAM,TAMIL NADU","Singaperumal Koil - Sriperumbudur Rd, Oragadam Industrial Corridor, Panapakkam, Tamil Nadu 631605, India","DAIMLER INDIA COMMERCIAL VEHICLES,KANCHIPURAM,TAMIL NADU",,"12.8390,79.9540","12.8390,79.9540",VAMOSYS
,VCV00014144/082021,8/27/2020 15:17,8/27/2020 20:33,8/27/2020 20:25,"DAIMLER INDIA COMMERCIAL VEHICLES,KANCHIPURAM,TAMIL NADU","Singaperumal Koil - Sriperumbudur Rd, Oragadam Industrial Corridor, Vattambakkam R.F., Tamil Nadu 631605, India","DAIMLER INDIA COMMERCIAL VEHICLES,KANCHIPURAM,TAMIL NADU",,"12.8390,79.9540","12.8390,79.9540",VAMOSYS
,VCV00013407/082021,8/26/2020 16:11,8/27/2020 19:04,8/27/2020 18:55,"DAIMLER INDIA COMMERCIAL VEHICLES,KANCHIPURAM,TAMIL NADU","Perumalpattu - Kottamedu Rd, Oragadam Industrial Corridor, Vaipoor, Tamil Nadu 631605, India","DAIMLER INDIA COMMERCIAL VEHICLES,KANCHIPURAM,TAMIL NADU",,"12.8390,79.9540","12.8390,79.9540",VAMOSYS
,VCV00014242/082021,8/27/2020 15:54,8/27/2020 18:47,8/27/2020 18:40,"LUCAS TVS LTD-PONDY,PONDY,PONDICHERRY","5th street, hot chips, 12th Main Rd, Opposite to, TVS Industries, Padi, Chennai, Tamil Nadu 600040, India","LUCAS TVS LTD-AMBATTUR,CHENNAI,TAMIL NADU",,"11.8720,79.6320","13.1020,80.1940",VAMOSYS
,VCV00014085/082021,8/27/2020 14:45,8/27/2020 18:17,8/27/2020 18:10,"LUCAS TVS LTD-PONDY,PONDY,PONDICHERRY","TVS 30 Feet Rd, TVS Industries, Korattur, Chennai, Tamil Nadu 600076, India","LUCAS TVS LTD-AMBATTUR,CHENNAI,TAMIL NADU",,"11.8720,79.6320","13.1020,80.1940",VAMOSYS
,VCV00014110/082021,8/27/2020 15:00,8/27/2020 21:00,8/27/2020 17:40,"LUCAS TVS LTD-PONDY,PONDY,PONDICHERRY","Madukkarai Main Rd, Nettapakkam, Puducherry 605106, India","LUCAS TVS LTD-PONDY,PONDY,PONDICHERRY",,"11.8720,79.6320","13.1020,80.1940",VAMOSYS
,MVCV0001593/082021,8/26/2020 15:54,8/27/2020 17:35,8/27/2020 16:55,"PRAVEEN ENGINEERING INDUSTRIES,HOSUR,TAMIL NADU","Project Planning Department, Ashok leyland Ltd East land, Ennore Express Rd, Ashok Leyland Area, Ennore, Tamil Nadu 600057, India","SRI DEVI POWDER COATING INDUSTRIES,CHENNAI,TAMIL NADU",,"12.7510,77.8040","13.2150,80.3200",CONSENT TRACK
,VCV00014268/082021,8/27/2020 16:20,8/27/2020 16:35,8/27/2020 16:25,"ASHOK LEYLAND PLANT 2-HOSUR,HOSUR,KARNATAKA","No:42/2B, Vallalar Nagar,Opp to Ashok Leyland Unit 2, Sipcot Phase II Industrial Complex, Sipcot Ph 2, Hosur, Tamil Nadu 635109, India","ASHOK LEYLAND PLANT 2-HOSUR,HOSUR,KARNATAKA",,"12.7200,77.8170","12.7220,77.8700",VAMOSYS
,VCV00014250/082021,8/27/2020 16:12,8/27/2020 16:21,8/27/2020 16:05,"ASHOK LEYLAND PLANT 2-HOSUR,HOSUR,KARNATAKA","Unnamed Road, Sipcot Phase II Industrial Complex, Sipcot Ph 2, Hosur, Tamil Nadu 635109, India","ASHOK LEYLAND PLANT 2-HOSUR,HOSUR,KARNATAKA",,"12.7200,77.8170","12.7220,77.8700",VAMOSYS
,VCV00014252/082021,8/27/2020 16:13,8/27/2020 16:19,8/27/2020 16:05,"ASHOK LEYLAND PLANT 2-HOSUR,HOSUR,KARNATAKA","Unnamed Road, Sipcot Phase II Industrial Complex, Sipcot Ph 2, Moranapalli, Tamil Nadu 635109, India","ASHOK LEYLAND PLANT 2-HOSUR,HOSUR,KARNATAKA",,"12.7200,77.8170","12.7220,77.8700",VAMOSYS
,VCV00013502/082021,8/26/2020 18:05,8/27/2020 16:15,8/27/2020 16:05,"DAIMLER INDIA COMMERCIAL VEHICLES,KANCHIPURAM,TAMIL NADU","Unnamed Road, Oragadam Industrial Corridor, Vattambakkam R.F., Tamil Nadu 631605, India","DAIMLER INDIA COMMERCIAL VEHICLES,KANCHIPURAM,TAMIL NADU",,"12.8390,79.9540","12.8390,79.9540",VAMOSYS
,VCV00013903/082021,8/27/2020 11:43,8/27/2020 16:16,8/27/2020 16:05,"DAIMLER INDIA COMMERCIAL VEHICLES,KANCHIPURAM,TAMIL NADU","Unnamed Road, Oragadam Industrial Corridor, Oragaram, Tamil Nadu 631605, India","DAIMLER INDIA COMMERCIAL VEHICLES,KANCHIPURAM,TAMIL NADU",,"12.8390,79.9540","12.8390,79.9540",VAMOSYS
,VCV00013399/082021,8/26/2020 16:02,8/27/2020 16:22,8/27/2020 15:55,"ASHOK LEYLAND ENNORE,CHENNAI,TAMIL NADU","18, Sipcot Ph 3rd Cross Rd, Sipcot Phase II Industrial Complex, Sipcot Ph 2, Moranapalli, Tamil Nadu 635109, India","ASHOK LEYLAND PLANT 2-HOSUR,HOSUR,KARNATAKA",,"13.2150,80.3200","12.7660,77.7860",CONSENT TRACK
,VCV00012744/082021,8/25/2020 20:54,8/27/2020 15:16,8/27/2020 15:10,"DAIMLER INDIA COMMERCIAL VEHICLES,KANCHIPURAM,TAMIL NADU","Unnamed Road, Oragadam Industrial Corridor, Oragaram, Tamil Nadu 631605, India","DAIMLER INDIA COMMERCIAL VEHICLES,KANCHIPURAM,TAMIL NADU",,"12.8390,79.9540","12.8390,79.9540",VAMOSYS
,VCV00014106/082021,8/27/2020 14:57,8/27/2020 15:03,8/27/2020 14:50,"DAIMLER INDIA COMMERCIAL VEHICLES,KANCHIPURAM,TAMIL NADU","Singaperumal Koil - Sriperumbudur Rd, Oragadam Industrial Corridor, Vattambakkam R.F., Tamil Nadu 631605, India","DAIMLER INDIA COMMERCIAL VEHICLES,KANCHIPURAM,TAMIL NADU",,"12.8390,79.9540","12.8390,79.9540",VAMOSYS
,VCV00013467/082021,8/26/2020 17:19,8/27/2020 20:18,8/24/2020 17:10,"ASHOK LEYLAND PLANT 2-HOSUR,HOSUR,KARNATAKA","No:42/2B, Vallalar Nagar,Opp to Ashok Leyland Unit 2, Sipcot Phase II Industrial Complex, Sipcot Ph 2, Hosur, Tamil Nadu 635109, India","TVSLSL-PUZHAL-HUB,CHENNAI,TAMIL NADU",,"12.7510,77.8040","13.1550,80.1960",CONSENT TRACK
,VCV00013476/082021,8/26/2020 17:24,8/27/2020 15:00,8/27/2020 14:50,"DAIMLER INDIA COMMERCIAL VEHICLES,KANCHIPURAM,TAMIL NADU","Unnamed Road, India","DAIMLER INDIA COMMERCIAL VEHICLES,KANCHIPURAM,TAMIL NADU",,"12.8390,79.9540","12.8390,79.9540",VAMOSYS
,VCV00013581/082021,8/26/2020 19:48,8/27/2020 14:49,8/27/2020 14:40,"DAIMLER INDIA COMMERCIAL VEHICLES,KANCHIPURAM,TAMIL NADU","SH 57, Oragadam Industrial Corridor, Panapakkam, Tamil Nadu 631605, India","DAIMLER INDIA COMMERCIAL VEHICLES,KANCHIPURAM,TAMIL NADU",,"12.8390,79.9540","12.8390,79.9540",VAMOSYS
,VCV00013844/082021,8/27/2020 10:16,8/27/2020 19:49,8/27/2020 0:00,"ASHOK LEYLAND PLANT 1- HOSUR,HOSUR,KARNATAKA","Wel-Fit Health Club, Tippalam Rd, Kumudepalli, Moranapalli, Tamil Nadu 635109, India","TVSLSL-PUZHAL-HUB,CHENNAI,TAMIL NADU",,"12.7510,77.8040","13.1550,80.1960",CONSENT TRACK
,VCV00012298/082021,8/25/2020 13:24,8/27/2020 16:26,8/27/2020 14:25,"DAIMLER INDIA COMMERCIAL VEHICLES,KANCHIPURAM,TAMIL NADU","SGE Hollow Blocks Limited, NH16, Gummidipoondi, Tamil Nadu 601201, India","DAIMLER INDIA COMMERCIAL VEHICLES,KANCHIPURAM,TAMIL NADU",,"12.8390,79.9540","12.8390,79.9540",VAMOSYS
,VCV00012048/082021,8/25/2020 10:00,8/27/2020 16:34,8/27/2020 14:30,"ASHOK LEYLAND PLANT 2-HOSUR,HOSUR,KARNATAKA","Unnamed Road, Bagaveli, Tamil Nadu 632513, India","TVSLSL-PUZHAL-HUB,CHENNAI,TAMIL NADU",,"12.7510,77.8040","13.1550,80.1960",BEECON
,VCV00005971/082021,8/13/2020 14:40,8/27/2020 17:37,8/27/2020 14:30,"PRAVEEN ENGINEERING INDUSTRIES,HOSUR,TAMIL NADU","Vikravandi Toll, MKT Nagar, Kurinchipadi, Tamil Nadu 605601, India","SRI DEVI POWDER COATING INDUSTRIES,CHENNAI,TAMIL NADU",,"12.7510,77.8040","13.2150,80.3200",BEECON
,VCV00014052/082021,8/27/2020 14:07,8/27/2020 14:38,8/27/2020 14:10,"LUCAS TVS LTD-AMBATTUR,CHENNAI,TAMIL NADU","NH332, Valavanur, Tamil Nadu 605108, India","LUCAS TVS LTD-PONDY,PONDY,PONDICHERRY",,"13.1020,80.1940","11.8720,79.6320",VAMOSYS
,VCV00013612/082021,8/26/2020 20:15,8/27/2020 14:37,8/23/2020 0:05,"LUCAS TVS LTD-AMBATTUR,CHENNAI,TAMIL NADU","Unnamed Road, Thiruvandarkoil, Puducherry 605107, India","LUCAS TVS LTD-PONDY,PONDY,PONDICHERRY",,"13.1020,80.1940","11.8720,79.6320",CONSENT TRACK
,VCV00013657/082021,8/26/2020 21:03,8/27/2020 14:37,8/27/2020 14:10,"LUCAS TVS LTD-AMBATTUR,CHENNAI,TAMIL NADU","Unnamed Road, Thiruvandarkoil, Puducherry 605107, India","LUCAS TVS LTD-PONDY,PONDY,PONDICHERRY",,"13.1020,80.1940","11.8720,79.6320",VAMOSYS
,AEIBK2027198,8/26/2020 15:47,8/27/2020 17:42,8/27/2020 14:10,"Pozhal, Tiruvallur, Tamil Nadu","Unnamed Road, Bagaveli, Tamil Nadu 632513, India","Onnalvadi, Krishnagiri, Tamil Nadu",,"13.165101,80.204244","12.683589,77.859239",BEECON
,VCV00013880/082021,8/27/2020 11:08,8/27/2020 13:49,8/27/2020 13:40,"DAIMLER INDIA COMMERCIAL VEHICLES,KANCHIPURAM,TAMIL NADU","Singaperumal Koil - Sriperumbudur Rd, Oragadam Industrial Corridor, Vattambakkam R.F., Tamil Nadu 631605, India","DAIMLER INDIA COMMERCIAL VEHICLES,KANCHIPURAM,TAMIL NADU",,"12.8390,79.9540","12.8390,79.9540",VAMOSYS
,MVCV0001590/082021,8/26/2020 15:31,8/27/2020 19:29,8/27/2020 13:35,"PRAVEEN ENGINEERING INDUSTRIES,HOSUR,TAMIL NADU","3/318-2, Narasamma colony, Hosur, Tamil Nadu 635109, India","SRI DEVI POWDER COATING INDUSTRIES,CHENNAI,TAMIL NADU",,"12.7510,77.8040","13.2150,80.3200",BEECON
,VCV00013790/082021,8/27/2020 0:40,8/27/2020 16:29,8/27/2020 13:10,"LUCAS TVS LTD-PONDY,PONDY,PONDICHERRY","Madukkarai Main Rd, Nettapakkam, Puducherry 605106, India","LUCAS TVS LTD-PONDY,PONDY,PONDICHERRY",,"11.8720,79.6320","13.1020,80.1940",VAMOSYS
,VCV00013537/082021,8/26/2020 18:48,8/27/2020 12:46,8/27/2020 12:25,"DAIMLER INDIA COMMERCIAL VEHICLES,KANCHIPURAM,TAMIL NADU","Unnamed Road, Oragadam Industrial Corridor, Oragaram, Tamil Nadu 631605, India","DAIMLER INDIA COMMERCIAL VEHICLES,KANCHIPURAM,TAMIL NADU",,"12.8390,79.9540","12.8390,79.9540",VAMOSYS
,AEIBK2027566,8/27/2020 12:26,8/27/2020 13:04,8/27/2020 10:20,"Vellaripatti, Madurai, Tamil Nadu","Unnamed Road, Byathahalli, Karnataka 571311, India","Devalapura, Mysore, Karnataka",,"9.973636,78.281783","12.223062,76.690357",CONSENT TRACK
,VCV00013217/082021,8/26/2020 14:38,8/27/2020 12:33,8/27/2020 12:25,"DAIMLER INDIA COMMERCIAL VEHICLES,KANCHIPURAM,TAMIL NADU","Singaperumal Koil - Sriperumbudur Rd, Oragadam Industrial Corridor, Vattambakkam R.F., Tamil Nadu 631605, India","DAIMLER INDIA COMMERCIAL VEHICLES,KANCHIPURAM,TAMIL NADU",,"12.8390,79.9540","12.8390,79.9540",VAMOSYS
,AEIBK2026827,8/21/2020 20:12,8/27/2020 15:21,8/27/2020 11:00,"Vellaripatti, Madurai, Tamil Nadu","NH948, Dhimbham, Tamil Nadu 638503, India","Devalapura, Mysore, Karnataka",,"9.973636,78.281783","12.223062,76.690357",CONSENT TRACK
,AEIBK2027445,8/26/2020 10:38,8/27/2020 17:51,8/27/2020 12:15,"Gopanapalli, Krishnagiri, Tamil Nadu","Dharmapuri-Bengaluru Rd, Ganga Nagar, Hosur, Tamil Nadu 635109, India","Kamarajnagar, Tiruvallur, Tamil Nadu",,"12.671093,77.779537","13.187219,80.307731",BEECON
,VCV00013789/082021,8/27/2020 0:39,8/27/2020 12:04,8/27/2020 11:55,"DAIMLER INDIA COMMERCIAL VEHICLES,KANCHIPURAM,TAMIL NADU","Perumalpattu - Kottamedu Rd, Oragadam Industrial Corridor, Vattambakkam R.F., Tamil Nadu 631605, India","DAIMLER INDIA COMMERCIAL VEHICLES,KANCHIPURAM,TAMIL NADU",,"12.8390,79.9540","12.8390,79.9540",VAMOSYS
,VCV00013909/082021,8/27/2020 11:42,8/27/2020 12:24,8/27/2020 11:55,"ASHOK LEYLAND PLANT 2-HOSUR,HOSUR,KARNATAKA","Unnamed Road, Tamil Nadu 635126, India","ASHOK LEYLAND PLANT 2-HOSUR,HOSUR,KARNATAKA",,"12.7200,77.8170","12.7220,77.8700",VAMOSYS
,VCV00013913/082021,8/27/2020 11:42,8/27/2020 12:04,8/27/2020 11:55,"ASHOK LEYLAND PLANT 2-HOSUR,HOSUR,KARNATAKA","Unnamed Road, Sipcot Phase II Industrial Complex, Sipcot Ph 2, Moranapalli, Tamil Nadu 635109, India","ASHOK LEYLAND PLANT 2-HOSUR,HOSUR,KARNATAKA",,"12.7200,77.8170","12.7220,77.8700",VAMOSYS
,VCV00013935/082021,8/27/2020 11:57,8/27/2020 12:18,8/27/2020 11:55,"ASHOK LEYLAND PLANT 2-HOSUR,HOSUR,KARNATAKA","Unnamed Road, Sipcot Ph. I, Hosur, Tamil Nadu 635126, India","ASHOK LEYLAND PLANT 2-HOSUR,HOSUR,KARNATAKA",,"12.7200,77.8170","12.7220,77.8700",VAMOSYS
,AEIBK2027508,8/26/2020 20:17,8/27/2020 12:04,8/27/2020 11:10,"Naickenpalayam, Coimbatore, Tamil Nadu","Unnamed Road, Sipcot Phase II Industrial Complex, Sipcot Ph 2, Hosur, Tamil Nadu 635109, India","Onnalvadi, Krishnagiri, Tamil Nadu",,"11.154594,76.922532","12.683589,77.859239",CONSENT TRACK
,VCV00013891/082021,8/27/2020 11:28,8/27/2020 11:33,8/27/2020 11:25,"DAIMLER INDIA COMMERCIAL VEHICLES,KANCHIPURAM,TAMIL NADU","Singaperumal Koil - Sriperumbudur Rd, Oragadam Industrial Corridor, Vattambakkam R.F., Tamil Nadu 631605, India","DAIMLER INDIA COMMERCIAL VEHICLES,KANCHIPURAM,TAMIL NADU",,"12.8390,79.9540","12.8390,79.9540",VAMOSYS
,MVCV0000707/082021,8/13/2020 10:30,8/27/2020 16:04,8/26/2020 21:00,"ASHOK LEYLAND ENNORE,CHENNAI,TAMIL NADU","Unnamed Road, Tamil Nadu 602106, India","ASHOK LEYLAND PLANT 2-HOSUR,HOSUR,KARNATAKA",,"13.2150,80.3200","12.7660,77.7860",CONSENT TRACK
,VCV00013584/082021,8/26/2020 19:52,8/27/2020 11:41,8/27/2020 11:10,"DAIMLER INDIA COMMERCIAL VEHICLES,KANCHIPURAM,TAMIL NADU","G-41, Sipcot Industrial Park, Vallam Vadagal, Mambakkam, Sriperumbudur, Tamil Nadu 602105, India","DAIMLER INDIA COMMERCIAL VEHICLES,KANCHIPURAM,TAMIL NADU",,"12.8390,79.9540","12.8390,79.9540",VAMOSYS
,VCV00013540/082021,8/26/2020 19:07,8/27/2020 11:19,8/27/2020 11:10,"DAIMLER INDIA COMMERCIAL VEHICLES,KANCHIPURAM,TAMIL NADU","5, Renault Nissan Suppliers Park Rd, Oragadam Industrial Corridor, Vattambakkam R.F., Tamil Nadu 631605, India","DAIMLER INDIA COMMERCIAL VEHICLES,KANCHIPURAM,TAMIL NADU",,"12.8390,79.9540","12.8390,79.9540",VAMOSYS
,VCV00013885/082021,8/27/2020 11:13,8/27/2020 11:19,8/27/2020 11:10,"ASHOK LEYLAND PLANT 2-HOSUR,HOSUR,KARNATAKA","Unnamed Road, Sipcot Phase II Industrial Complex, Sipcot Ph 2, Moranapalli, Tamil Nadu 635109, India","ASHOK LEYLAND PLANT 2-HOSUR,HOSUR,KARNATAKA",,"12.7200,77.8170","12.7220,77.8700",VAMOSYS
,VCV00013878/082021,8/27/2020 10:50,8/27/2020 11:20,8/27/2020 11:10,"ASHOK LEYLAND PLANT 2-HOSUR,HOSUR,KARNATAKA","Unnamed Road, Sipcot Phase II Industrial Complex, Sipcot Ph 2, Hosur, Tamil Nadu 635109, India","ASHOK LEYLAND PLANT 2-HOSUR,HOSUR,KARNATAKA",,"12.7200,77.8170","12.7220,77.8700",VAMOSYS
,VCV00012994/082021,8/25/2020 11:17,8/27/2020 11:55,8/27/2020 11:10,"DAIMLER INDIA COMMERCIAL VEHICLES,KANCHIPURAM,TAMIL NADU","Ind.park Road, Nayapakkam, Tamil Nadu 602105, India","DAIMLER INDIA COMMERCIAL VEHICLES,KANCHIPURAM,TAMIL NADU",,"12.8390,79.9540","12.8390,79.9540",VAMOSYS
,VCV00013205/082021,8/26/2020 14:33,8/27/2020 11:28,8/27/2020 10:45,"DAIMLER INDIA COMMERCIAL VEHICLES,KANCHIPURAM,TAMIL NADU","Gokulapuram Main Rd, Maraimalai Nagar, Tamil Nadu 603209, India","DAIMLER INDIA COMMERCIAL VEHICLES,KANCHIPURAM,TAMIL NADU",,"12.8390,79.9540","12.8390,79.9540",VAMOSYS
,VCV00013867/082021,8/27/2020 10:50,8/27/2020 11:05,8/27/2020 10:45,"ASHOK LEYLAND PLANT 2-HOSUR,HOSUR,KARNATAKA","Unnamed Road, Sipcot Phase II Industrial Complex, Sipcot Ph 2, Hosur, Tamil Nadu 635109, India","ASHOK LEYLAND PLANT 2-HOSUR,HOSUR,KARNATAKA",,"12.7200,77.8170","12.7220,77.8700",VAMOSYS
,VCV00013872/082021,8/27/2020 10:50,8/27/2020 11:08,8/27/2020 10:45,"ASHOK LEYLAND PLANT 2-HOSUR,HOSUR,KARNATAKA","1, NH 48, Kumudepalli, Moranapalli, Tamil Nadu 635109, India","ASHOK LEYLAND PLANT 2-HOSUR,HOSUR,KARNATAKA",,"12.7200,77.8170","12.7220,77.8700",VAMOSYS
,VCV00013873/082021,8/27/2020 10:50,8/27/2020 11:08,8/27/2020 10:45,"ASHOK LEYLAND PLANT 2-HOSUR,HOSUR,KARNATAKA","1, NH 44, Kumudepalli, Moranapalli, Tamil Nadu 635109, India","ASHOK LEYLAND PLANT 2-HOSUR,HOSUR,KARNATAKA",,"12.7200,77.8170","12.7220,77.8700",VAMOSYS
,VCV00013300/082021,8/26/2020 15:09,8/27/2020 11:07,8/27/2020 10:35,"ASHOK LEYLAND ENNORE,CHENNAI,TAMIL NADU","18, Sipcot Ph 3rd Cross Rd, Sipcot Phase II Industrial Complex, Sipcot Ph 2, Moranapalli, Tamil Nadu 635109, India","ASHOK LEYLAND PLANT 2-HOSUR,HOSUR,KARNATAKA",,"13.2150,80.3200","12.7660,77.7860",CONSENT TRACK
,VCV00013829/082021,8/27/2020 9:49,8/27/2020 10:20,8/27/2020 9:55,"TVSLSL HUB MATHIGIRI,HOSUR,TAMIL NADU","Block no. 1 Survey no. 466,467,468,469, Plot no. 474, 485, Hosur - Thally Rd, near by Karnoor village, Tamil Nadu 635110, India","TVSLSL HUB MATHIGIRI,HOSUR,TAMIL NADU",,"12.7510,77.8040","12.7510,77.8040",NIMBLE
,VCV00013534/082021,8/26/2020 18:39,8/27/2020 10:01,8/27/2020 9:35,"DAIMLER INDIA COMMERCIAL VEHICLES,KANCHIPURAM,TAMIL NADU","Unnamed Road, Oragadam Industrial Corridor, Vattambakkam R.F., Tamil Nadu 631605, India","DAIMLER INDIA COMMERCIAL VEHICLES,KANCHIPURAM,TAMIL NADU",,"12.8390,79.9540","12.8390,79.9540",VAMOSYS
,VCV00013659/082021,8/26/2020 21:05,8/27/2020 12:57,8/24/2020 0:05,"LUCAS TVS LTD-PONDY,PONDY,PONDICHERRY","4-27, Dudhiya, J J Nagar, Mogappair East, Chennai, Tamil Nadu 600037, India","LUCAS TVS LTD-PONDY,PONDY,PONDICHERRY",,"11.8710,79.7390","11.8710,79.7390",CONSENT TRACK
,VCV00013673/082021,8/26/2020 21:20,8/27/2020 12:58,8/27/2020 9:35,"LUCAS TVS LTD-PONDY,PONDY,PONDICHERRY","4A, Thirumana Nilaiya st, near to J.K.Petrol bunk, Kariyamanikkam, Puducherry 605106, India","LUCAS TVS LTD-PONDY,PONDY,PONDICHERRY",,"11.8720,79.6320","13.1020,80.1940",VAMOSYS
,VCV00012870/082021,8/26/2020 9:11,8/27/2020 9:15,8/27/2020 9:05,"TRACTORS & FARM EQUIPMENT LIMITED,KANCHIPURAM,TAMIL NADU","PLOT NO 3, INDUSTRIAL AREA II - CMDA, MARAIMALAI NAGAR, Maraimalai Nagar, Tamil Nadu 603209, India","TRACTORS & FARMS EQUIPMENTS LIMITED,KANCHIPURAM,TAMIL NADU",,"12.7770,80.0250","12.7780,80.0250",VAMOSYS
,VCV00012871/082021,8/26/2020 9:11,8/27/2020 9:23,8/27/2020 9:05,"TRACTORS & FARM EQUIPMENT LIMITED,KANCHIPURAM,TAMIL NADU","Chennai - Theni Hwy, Maraimalai Nagar, Tamil Nadu 603209, India","TRACTORS & FARMS EQUIPMENTS LIMITED,KANCHIPURAM,TAMIL NADU",,"12.7770,80.0250","12.7780,80.0250",VAMOSYS
,VCV00011937/082021,8/25/2020 0:12,8/27/2020 8:46,8/27/2020 8:30,"DAIMLER INDIA COMMERCIAL VEHICLES,KANCHIPURAM,TAMIL NADU","Unnamed Road, Oragadam Industrial Corridor, Vattambakkam R.F., Tamil Nadu 631605, India","DAIMLER INDIA COMMERCIAL VEHICLES,KANCHIPURAM,TAMIL NADU",,"12.8390,79.9540","12.8390,79.9540",VAMOSYS
,VCV00013779/082021,8/26/2020 23:41,8/27/2020 7:16,8/27/2020 7:10,"LUCAS TVS LTD-PONDY,PONDY,PONDICHERRY","66, 6th Cross St, TVS Industries, Padi, Chennai, Tamil Nadu 600050, India","LUCAS TVS LTD-AMBATTUR,CHENNAI,TAMIL NADU",,"11.8720,79.6320","13.1020,80.1940",VAMOSYS
,VCV00013490/082021,8/26/2020 17:42,8/27/2020 6:49,8/27/2020 6:35,"DAIMLER INDIA COMMERCIAL VEHICLES,KANCHIPURAM,TAMIL NADU","Perumalpattu - Kottamedu Rd, Oragadam Industrial Corridor, Vattambakkam R.F., Tamil Nadu 631605, India","DAIMLER INDIA COMMERCIAL VEHICLES,KANCHIPURAM,TAMIL NADU",,"12.8390,79.9540","12.8390,79.9540",VAMOSYS
,VCV00013678/082021,8/26/2020 21:37,8/27/2020 4:17,8/27/2020 4:10,"LUCAS TVS LTD-AMBATTUR,CHENNAI,TAMIL NADU","Madukkarai Main Rd, Nettapakkam, Puducherry 605106, India","LUCAS TVS LTD-PONDY,PONDY,PONDICHERRY",,"13.1020,80.1940","11.8720,79.6320",VAMOSYS
,VCV00011938/082021,8/25/2020 0:25,8/27/2020 2:18,8/27/2020 2:10,"DAIMLER INDIA COMMERCIAL VEHICLES,KANCHIPURAM,TAMIL NADU","Singaperumal Koil - Sriperumbudur Rd, Oragadam Industrial Corridor, Vattambakkam R.F., Tamil Nadu 631605, India","DAIMLER INDIA COMMERCIAL VEHICLES,KANCHIPURAM,TAMIL NADU",,"12.8390,79.9540","12.8390,79.9540",VAMOSYS
,VCV00013783/082021,8/26/2020 23:50,8/27/2020 0:32,8/27/2020 0:25,"LUCAS TVS LTD-PONDY,PONDY,PONDICHERRY","Madukkarai Main Rd, Nettapakkam, Puducherry 605106, India","LUCAS TVS LTD-PONDY,PONDY,PONDICHERRY",,"11.8720,79.6320","11.8720,79.6320",VAMOSYS
,VCV00013765/082021,8/26/2020 23:20,8/27/2020 3:43,8/27/2020 0:25,"LUCAS TVS LTD-PONDY,PONDY,PONDICHERRY","pudhu nagar 5th street, Nettapakkam, Puducherry 605106, India","LUCAS TVS LTD-PONDY,PONDY,PONDICHERRY",,"11.8720,79.6320","13.1020,80.1940",VAMOSYS
,VCV00013634/082021,8/26/2020 20:30,8/27/2020 0:19,8/27/2020 0:10,"DAIMLER INDIA COMMERCIAL VEHICLES,KANCHIPURAM,TAMIL NADU","Singaperumal Koil - Sriperumbudur Rd, Oragadam Industrial Corridor, Vattambakkam R.F., Tamil Nadu 631605, India","DAIMLER INDIA COMMERCIAL VEHICLES,KANCHIPURAM,TAMIL NADU",,"12.8390,79.9540","12.8390,79.9540",VAMOSYS
,VCV00013291/082021,8/26/2020 15:05,8/27/2020 0:15,8/27/2020 0:10,"DAIMLER INDIA COMMERCIAL VEHICLES,KANCHIPURAM,TAMIL NADU","Unnamed Road, Oragadam Industrial Corridor, Vattambakkam R.F., Tamil Nadu 631605, India","DAIMLER INDIA COMMERCIAL VEHICLES,KANCHIPURAM,TAMIL NADU",,"12.8390,79.9540","12.8390,79.9540",VAMOSYS
,VCV00012556/082021,8/25/2020 16:40,8/27/2020 1:16,8/26/2020 22:55,"DAIMLER INDIA COMMERCIAL VEHICLES,KANCHIPURAM,TAMIL NADU","NH Service Rd, Arasur, Tamil Nadu 607107, India","DAIMLER INDIA COMMERCIAL VEHICLES,KANCHIPURAM,TAMIL NADU",,"12.8390,79.9540","12.8390,79.9540",VAMOSYS
,VCV00012749/082021,8/25/2020 20:58,8/26/2020 22:18,8/26/2020 22:05,"DAIMLER INDIA COMMERCIAL VEHICLES,KANCHIPURAM,TAMIL NADU","Singaperumal Koil - Sriperumbudur Rd, Oragadam Industrial Corridor, Vattambakkam R.F., Tamil Nadu 631605, India","DAIMLER INDIA COMMERCIAL VEHICLES,KANCHIPURAM,TAMIL NADU",,"12.8390,79.9540","12.8390,79.9540",KRC LOGISTICS
,VCV00012814/082021,8/25/2020 23:11,8/26/2020 21:19,8/26/2020 21:10,"DAIMLER INDIA COMMERCIAL VEHICLES,KANCHIPURAM,TAMIL NADU","Singaperumal Koil - Sriperumbudur Rd, Oragadam Industrial Corridor, Panapakkam, Tamil Nadu 631605, India","DAIMLER INDIA COMMERCIAL VEHICLES,KANCHIPURAM,TAMIL NADU",,"12.8390,79.9540","12.8390,79.9540",VAMOSYS
,VCV00011918/082021,8/24/2020 22:40,8/27/2020 0:26,8/24/2020 0:05,"LUCAS TVS LTD-PONDY,PONDY,PONDICHERRY","4-27, Dudhiya, J J Nagar, Mogappair East, Chennai, Tamil Nadu 600037, India","LUCAS TVS LTD-PONDY,PONDY,PONDICHERRY",,"11.8710,79.7390","11.8710,79.7390",CONSENT TRACK
,VCV00011501/082021,8/24/2020 14:11,8/27/2020 1:43,8/24/2020 7:25,"DAIMLER INDIA COMMERCIAL VEHICLES,KANCHIPURAM,TAMIL NADU","Salem Rd, Mettupatti, Tamil Nadu 636106, India","DAIMLER INDIA COMMERCIAL VEHICLES,KANCHIPURAM,TAMIL NADU",,"12.8390,79.9540","12.8390,79.9540",VAMOSYS
,VCV00012663/082021,8/25/2020 18:11,8/27/2020 0:09,8/23/2020 0:05,"LUCAS TVS LTD-PONDY,PONDY,PONDICHERRY","Unnamed Road, Thiruvandarkoil, Puducherry 605107, India","LUCAS TVS LTD-AMBATTUR,CHENNAI,TAMIL NADU",,"11.8720,79.6320","13.1020,80.1940",CONSENT TRACK
,VCV00013464/082021,8/26/2020 17:11,8/26/2020 21:06,8/26/2020 20:55,"DAIMLER INDIA COMMERCIAL VEHICLES,KANCHIPURAM,TAMIL NADU","Perumalpattu - Kottamedu Rd, Oragadam Industrial Corridor, Vattambakkam R.F., Tamil Nadu 631605, India","DAIMLER INDIA COMMERCIAL VEHICLES,KANCHIPURAM,TAMIL NADU",,"12.8390,79.9540","12.8390,79.9540",VAMOSYS
,VCV00012662/082021,8/25/2020 18:13,8/26/2020 21:01,8/26/2020 20:40,"DAIMLER INDIA COMMERCIAL VEHICLES,KANCHIPURAM,TAMIL NADU","Perumalpattu - Kottamedu Rd, Tamil Nadu 602105, India","DAIMLER INDIA COMMERCIAL VEHICLES,KANCHIPURAM,TAMIL NADU",,"12.8390,79.9540","12.8390,79.9540",VAMOSYS
,VCV00012833/082021,8/26/2020 7:37,8/26/2020 21:11,8/26/2020 20:40,"DAIMLER INDIA COMMERCIAL VEHICLES,KANCHIPURAM,TAMIL NADU","G-41, Sipcot Industrial Park, Vallam Vadagal, Mambakkam, Sriperumbudur, Tamil Nadu 602105, India","DAIMLER INDIA COMMERCIAL VEHICLES,KANCHIPURAM,TAMIL NADU",,"12.8390,79.9540","12.8390,79.9540",VAMOSYS
,VCV00012823/082021,8/26/2020 0:18,8/26/2020 20:47,8/26/2020 20:20,"DAIMLER INDIA COMMERCIAL VEHICLES,KANCHIPURAM,TAMIL NADU","Part C, B200, IndoSpace Industrial Park Oragadam I Phase II Panrutti Village Oragadam - Wallajabad Road, Sriperumbudur Taluk, Kanchipuram District, Chennai, Sethupet, Tamil Nadu 631604, India","DAIMLER INDIA COMMERCIAL VEHICLES,KANCHIPURAM,TAMIL NADU",,"12.8390,79.9540","12.8390,79.9540",VAMOSYS
,VCV00013315/082021,8/26/2020 15:27,8/26/2020 20:02,8/26/2020 20:00,"LUCAS TVS LTD-PONDY,PONDY,PONDICHERRY","Tvs Lucas, TVS Industries, Padi, Chennai, Tamil Nadu 600050, India","LUCAS TVS LTD-AMBATTUR,CHENNAI,TAMIL NADU",,"11.8720,79.6320","13.1020,80.1940",VAMOSYS
,VCV00013137/082021,8/26/2020 13:23,8/26/2020 19:50,8/26/2020 19:30,"DAIMLER INDIA COMMERCIAL VEHICLES,KANCHIPURAM,TAMIL NADU","Singaperumal Koil - Sriperumbudur Rd, Oragadam Industrial Corridor, Vattambakkam R.F., Tamil Nadu 631605, India","DAIMLER INDIA COMMERCIAL VEHICLES,KANCHIPURAM,TAMIL NADU",,"12.8390,79.9540","12.8390,79.9540",VAMOSYS
,VCV00012843/082021,8/26/2020 8:16,8/26/2020 19:35,8/26/2020 19:25,"DAIMLER INDIA COMMERCIAL VEHICLES,KANCHIPURAM,TAMIL NADU","Singaperumal Koil - Sriperumbudur Rd, Oragadam Industrial Corridor, Vattambakkam R.F., Tamil Nadu 631605, India","DAIMLER INDIA COMMERCIAL VEHICLES,KANCHIPURAM,TAMIL NADU",,"12.8390,79.9540","12.8390,79.9540",VAMOSYS
,VCV00013481/082021,8/26/2020 17:30,8/26/2020 20:55,8/26/2020 19:25,"LUCAS TVS LTD-PONDY,PONDY,PONDICHERRY","Chennai - Villupuram - Trichy - Kanyakumari Rd, Janakipuram, Tamil Nadu 603303, India","LUCAS TVS LTD-PONDY,PONDY,PONDICHERRY",,"11.8720,79.6320","13.1020,80.1940",VAMOSYS
,MVCV0001621/082021,8/26/2020 18:18,8/26/2020 23:36,8/26/2020 19:00,"TVS MOTOR COMPANY-HOSUR,Hosur,TAMIL NADU","Unnamed Road, Tamil Nadu 635117, India","WABCO INDIA LTD-AMBATTUR,CHENNAI,TAMIL NADU",,"12.4200,77.4800","13.0600,80.0600",VAMOSYS
,VCV00013513/082021,8/25/2020 18:21,8/26/2020 20:10,8/26/2020 19:00,"DAIMLER INDIA COMMERCIAL VEHICLES,KANCHIPURAM,TAMIL NADU","261/2, NH 205, Mannurpet, Padi, Chennai, Tamil Nadu 600058, India","DAIMLER INDIA COMMERCIAL VEHICLES,KANCHIPURAM,TAMIL NADU",,"12.8390,79.9540","12.8390,79.9540",VAMOSYS
,VCV00013323/082021,8/26/2020 15:32,8/26/2020 18:49,8/26/2020 18:35,"LUCAS TVS LTD-PONDY,PONDY,PONDICHERRY","5th street, hot chips, 12th Main Rd, Opposite to, TVS Industries, Padi, Chennai, Tamil Nadu 600040, India","LUCAS TVS LTD-AMBATTUR,CHENNAI,TAMIL NADU",,"11.8720,79.6320","13.1020,80.1940",VAMOSYS
,VCV00013401/082021,8/26/2020 16:02,8/26/2020 18:34,8/26/2020 18:25,"LUCAS TVS LTD-PONDY,PONDY,PONDICHERRY","5th street, hot chips, 12th Main Rd, Opposite to, TVS Industries, Padi, Chennai, Tamil Nadu 600040, India","LUCAS TVS LTD-AMBATTUR,CHENNAI,TAMIL NADU",,"11.8720,79.6320","13.1020,80.1940",VAMOSYS
,VCV00013469/082021,8/26/2020 17:18,8/27/2020 0:23,8/26/2020 17:15,"WABCO INDIA LTD-AMBATTUR,CHENNAI,TAMIL NADU","3, 3rd Main Rd, Old Ambattur, Attipattu, Ambattur Industrial Estate, Chennai, Tamil Nadu 600058, India","WABCO INDIA LTD,HOSUR,TAMIL NADU",,"13.0600,80.0600","12.4200,77.4800",BALLY LOGISTICS
,VCV00013471/082021,8/26/2020 17:18,8/27/2020 0:23,8/26/2020 17:15,"WABCO INDIA LTD-AMBATTUR,CHENNAI,TAMIL NADU","Mariamman Koil St, Old Ambattur, Twp Colony, Chennai, Tamil Nadu 600058, India","WABCO INDIA LTD,HOSUR,TAMIL NADU",,"13.0600,80.0600","12.4200,77.4800",BALLY LOGISTICS
,VCV00013472/082021,8/26/2020 17:18,8/26/2020 19:16,8/26/2020 17:30,"WABCO INDIA LTD-AMBATTUR,CHENNAI,TAMIL NADU","AH45, Sipcot Ph. I, Mookondapalli, Tamil Nadu 635126, India","WABCO INDIA LTD,HOSUR,TAMIL NADU",,"13.0600,80.0600","12.4200,77.4800",BALLY LOGISTICS
,VCV00012054/082021,8/25/2020 10:12,8/26/2020 22:34,8/24/2020 17:10,"ASHOK LEYLAND PLANT 2-HOSUR,HOSUR,KARNATAKA","No:42/2B, Vallalar Nagar,Opp to Ashok Leyland Unit 2, Sipcot Phase II Industrial Complex, Sipcot Ph 2, Hosur, Tamil Nadu 635109, India","TVSLSL-PUZHAL-HUB,CHENNAI,TAMIL NADU",,"12.7510,77.8040","13.1550,80.1960",CONSENT TRACK
,AEIBK2027548,8/26/2020 17:04,8/26/2020 22:26,8/26/2020 17:10,"Mookandapalli, Krishnagiri, Tamil Nadu","AH45, Sipcot Ph. I, Mookondapalli, Tamil Nadu 635126, India","Athipattu, Tiruvallur, Tamil Nadu",,"12.746894,77.806168","13.092058,80.156813",BALLY LOGISTICS
,VCV00013141/082021,8/26/2020 13:30,8/26/2020 17:13,8/26/2020 17:00,"DAIMLER INDIA COMMERCIAL VEHICLES,KANCHIPURAM,TAMIL NADU","Unnamed Road, Oragadam Industrial Corridor, Mathur, Tamil Nadu 631604, India","DAIMLER INDIA COMMERCIAL VEHICLES,KANCHIPURAM,TAMIL NADU",,"12.8390,79.9540","12.8390,79.9540",VAMOSYS
,VCV00012894/082021,8/26/2020 9:47,8/26/2020 16:52,8/26/2020 16:40,"DAIMLER INDIA COMMERCIAL VEHICLES,KANCHIPURAM,TAMIL NADU","Singaperumal Koil - Sriperumbudur Rd, Oragadam Industrial Corridor, Vattambakkam R.F., Tamil Nadu 631605, India","DAIMLER INDIA COMMERCIAL VEHICLES,KANCHIPURAM,TAMIL NADU",,"12.8390,79.9540","12.8390,79.9540",VAMOSYS
,MVCV0001595/082021,8/26/2020 16:13,8/26/2020 16:47,8/26/2020 12:45,"ASHOK LEYLAND PLANT 1- HOSUR,HOSUR,KARNATAKA","Opp to Gee Vee Feb, Hosur, Tamil Nadu 635109, India","ASHOK LEYLAND ENNORE,CHENNAI,TAMIL NADU",,"13.2150,80.3200","12.7660,77.7860",CONSENT TRACK
,VCV00013425/082021,8/26/2020 16:27,8/26/2020 16:34,8/26/2020 16:20,"TVSLSL-PUZHAL-HUB,CHENNAI,TAMIL NADU","No 74 , Sadagopa Bhavanam , Rajaji Street, Kathirvedu, Valluvar Nagar, Puzhal, Chennai, Tamil Nadu 600066, India","TVSLSL-PUZHAL-HUB,CHENNAI,TAMIL NADU",,"13.1550,80.1970","13.1550,80.1970",NIMBLE
,VCV00012758/082021,8/25/2020 21:09,8/26/2020 16:18,8/26/2020 16:15,"DAIMLER INDIA COMMERCIAL VEHICLES,KANCHIPURAM,TAMIL NADU","Unnamed Road, Oragadam Industrial Corridor, Vattambakkam R.F., Tamil Nadu 631605, India","DAIMLER INDIA COMMERCIAL VEHICLES,KANCHIPURAM,TAMIL NADU",,"12.8390,79.9540","12.8390,79.9540",VAMOSYS
,VCV00012830/082021,8/26/2020 2:19,8/26/2020 16:18,8/26/2020 16:05,"DAIMLER INDIA COMMERCIAL VEHICLES,KANCHIPURAM,TAMIL NADU","Unnamed Road, Oragadam Industrial Corridor, Oragaram, Tamil Nadu 631605, India","DAIMLER INDIA COMMERCIAL VEHICLES,KANCHIPURAM,TAMIL NADU",,"12.8390,79.9540","12.8390,79.9540",VAMOSYS
,VCV00013123/082021,8/26/2020 12:58,8/26/2020 16:07,8/26/2020 15:50,"DAIMLER INDIA COMMERCIAL VEHICLES,KANCHIPURAM,TAMIL NADU","Singaperumal Koil - Sriperumbudur Rd, Oragadam Industrial Corridor, Vattambakkam R.F., Tamil Nadu 631605, India","DAIMLER INDIA COMMERCIAL VEHICLES,KANCHIPURAM,TAMIL NADU",,"12.8390,79.9540","12.8390,79.9540",VAMOSYS
,VCV00013324/082021,8/26/2020 15:35,8/26/2020 15:51,8/26/2020 15:45,"ASHOK LEYLAND PLANT 2-HOSUR,HOSUR,KARNATAKA","Unnamed Road, Sipcot Phase II Industrial Complex, Sipcot Ph 2, Moranapalli, Tamil Nadu 635109, India","ASHOK LEYLAND PLANT 2-HOSUR,HOSUR,KARNATAKA",,"12.7200,77.8170","12.7220,77.8700",VAMOSYS
,VCV00013319/082021,8/26/2020 15:33,8/26/2020 15:52,8/26/2020 15:45,"ASHOK LEYLAND PLANT 2-HOSUR,HOSUR,KARNATAKA","Unnamed Road, Sipcot Phase II Industrial Complex, Sipcot Ph 2, Hosur, Tamil Nadu 635109, India","ASHOK LEYLAND PLANT 2-HOSUR,HOSUR,KARNATAKA",,"12.7200,77.8170","12.7220,77.8700",VAMOSYS
,VCV00012151/082021,8/25/2020 11:14,8/26/2020 15:35,8/26/2020 15:20,"DAIMLER INDIA COMMERCIAL VEHICLES,KANCHIPURAM,TAMIL NADU","Singaperumal Koil - Sriperumbudur Rd, Oragadam Industrial Corridor, Vattambakkam R.F., Tamil Nadu 631605, India","DAIMLER INDIA COMMERCIAL VEHICLES,KANCHIPURAM,TAMIL NADU",,"12.8390,79.9540","12.8390,79.9540",VAMOSYS
,VCV00011976/082021,8/25/2020 9:05,8/26/2020 15:36,8/26/2020 15:20,"DAIMLER INDIA COMMERCIAL VEHICLES,KANCHIPURAM,TAMIL NADU","Singaperumal Koil - Sriperumbudur Rd, Oragadam Industrial Corridor, Vattambakkam R.F., Tamil Nadu 631605, India","DAIMLER INDIA COMMERCIAL VEHICLES,KANCHIPURAM,TAMIL NADU",,"12.8390,79.9540","12.8390,79.9540",VAMOSYS
,VCV00012716/082021,8/25/2020 19:48,8/26/2020 15:25,8/26/2020 15:00,"LUCAS TVS LTD-AMBATTUR,CHENNAI,TAMIL NADU","Unnamed Road, Thiruvandarkoil, Puducherry 605107, India","LUCAS TVS LTD-PONDY,PONDY,PONDICHERRY",,"13.1020,80.1940","11.8720,79.6320",VAMOSYS
,VCV00013264/082021,8/26/2020 14:54,8/26/2020 21:06,8/26/2020 14:55,"ASHOK LEYLAND PLANT 1- HOSUR,HOSUR,KARNATAKA","31, 2nd Streed, Sathiyavanimuthu Nagar, Ennore,Kathivkkam Chennai-57., Ashok Leyland Area, Chennai, Tamil Nadu 600057, India","ASHOK LEYLAND ENNORE,CHENNAI,TAMIL NADU",,"13.2150,80.3200","12.7660,77.7860",CONSENT TRACK
,VCV00012741/082021,8/25/2020 20:48,8/26/2020 15:56,8/26/2020 15:00,"LUCAS TVS LTD-AMBATTUR,CHENNAI,TAMIL NADU","Chennai - Theni Hwy, Sithanni, Tamil Nadu 605652, India","LUCAS TVS LTD-PONDY,PONDY,PONDICHERRY",,"13.1020,80.1940","11.8720,79.6320",VAMOSYS
,VCV00013105/082021,8/26/2020 12:33,8/26/2020 14:51,8/26/2020 14:45,"DAIMLER INDIA COMMERCIAL VEHICLES,KANCHIPURAM,TAMIL NADU","Singaperumal Koil - Sriperumbudur Rd, Oragadam Industrial Corridor, Vattambakkam R.F., Tamil Nadu 631605, India","DAIMLER INDIA COMMERCIAL VEHICLES,KANCHIPURAM,TAMIL NADU",,"12.8390,79.9540","12.8390,79.9540",VAMOSYS
,VCV00012625/082021,8/25/2020 17:24,8/26/2020 14:36,8/26/2020 14:30,"DAIMLER INDIA COMMERCIAL VEHICLES,KANCHIPURAM,TAMIL NADU","Singaperumal Koil - Sriperumbudur Rd, Oragadam Industrial Corridor, Vattambakkam R.F., Tamil Nadu 631605, India","DAIMLER INDIA COMMERCIAL VEHICLES,KANCHIPURAM,TAMIL NADU",,"12.8390,79.9540","12.8390,79.9540",VAMOSYS
,VCV00011708/082021,8/24/2020 19:12,8/26/2020 14:21,8/26/2020 14:15,"DAIMLER INDIA COMMERCIAL VEHICLES,KANCHIPURAM,TAMIL NADU","Singaperumal Koil - Sriperumbudur Rd, Oragadam Industrial Corridor, Vattambakkam R.F., Tamil Nadu 631605, India","DAIMLER INDIA COMMERCIAL VEHICLES,KANCHIPURAM,TAMIL NADU",,"12.8390,79.9540","12.8390,79.9540",VAMOSYS
,VCV00013182/082021,8/26/2020 14:13,8/26/2020 14:23,8/26/2020 14:15,"ASHOK LEYLAND PLANT 2-HOSUR,HOSUR,KARNATAKA","Unnamed Road, Sipcot Phase II Industrial Complex, Sipcot Ph 2, Hosur, Tamil Nadu 635109, India","ASHOK LEYLAND PLANT 2-HOSUR,HOSUR,KARNATAKA",,"12.7200,77.8170","12.7220,77.8700",VAMOSYS
,MVCV0001263/082021,8/21/2020 12:46,8/26/2020 14:02,8/26/2020 12:45,"ASHOK LEYLAND PLANT 1- HOSUR,HOSUR,KARNATAKA","Opp to Gee Vee Feb, Hosur, Tamil Nadu 635109, India","ASHOK LEYLAND ENNORE,CHENNAI,TAMIL NADU",,"13.2150,80.3200","12.7660,77.7860",CONSENT TRACK
,VCV00012880/082021,8/26/2020 9:28,8/26/2020 19:23,8/26/2020 12:45,"ASHOK LEYLAND PLANT 2-HOSUR,HOSUR,KARNATAKA","Nehru Nagar, Nehru Nagar, Chennai, Tamil Nadu 600057, India","ASHOK LEYLAND ENNORE,CHENNAI,TAMIL NADU",,"13.2150,80.3200","12.7260,77.8760",CONSENT TRACK
,VCV00013069/082021,8/25/2020 12:11,8/26/2020 13:18,8/26/2020 13:15,"DAIMLER INDIA COMMERCIAL VEHICLES,KANCHIPURAM,TAMIL NADU","Unnamed Road, Oragadam Industrial Corridor, Vattambakkam R.F., Tamil Nadu 631605, India","DAIMLER INDIA COMMERCIAL VEHICLES,KANCHIPURAM,TAMIL NADU",,"12.8390,79.9540","12.8390,79.9540",VAMOSYS
,VCV00012879/082021,8/26/2020 9:26,8/26/2020 18:41,8/26/2020 12:45,"ASHOK LEYLAND PLANT 2-HOSUR,HOSUR,KARNATAKA","Ashok Leyland Ltd, 7, Ennore Express Rd, Ashok Leyland Area, Ennore, Tamil Nadu 600057, India","ASHOK LEYLAND ENNORE,CHENNAI,TAMIL NADU",,"13.2150,80.3200","12.7260,77.8760",CONSENT TRACK
,VCV00012322/082021,8/25/2020 13:43,8/26/2020 12:36,8/26/2020 12:30,"DAIMLER INDIA COMMERCIAL VEHICLES,KANCHIPURAM,TAMIL NADU","Singaperumal Koil - Sriperumbudur Rd, Oragadam Industrial Corridor, Vattambakkam R.F., Tamil Nadu 631605, India","DAIMLER INDIA COMMERCIAL VEHICLES,KANCHIPURAM,TAMIL NADU",,"12.8390,79.9540","12.8390,79.9540",VAMOSYS
,VCV00012119/082021,8/25/2020 10:57,8/26/2020 12:36,8/26/2020 12:25,"DAIMLER INDIA COMMERCIAL VEHICLES,KANCHIPURAM,TAMIL NADU","Singaperumal Koil - Sriperumbudur Rd, Oragadam Industrial Corridor, Vattambakkam R.F., Tamil Nadu 631605, India","DAIMLER INDIA COMMERCIAL VEHICLES,KANCHIPURAM,TAMIL NADU",,"12.8390,79.9540","12.8390,79.9540",VAMOSYS
,MVCV0001535/082021,8/25/2020 20:47,8/26/2020 12:07,8/26/2020 12:00,"DAIMLER INDIA COMMERCIAL VEHICLES,KANCHIPURAM,TAMIL NADU","Singaperumal Koil - Sriperumbudur Rd, Oragadam Industrial Corridor, Vattambakkam R.F., Tamil Nadu 631605, India","DAIMLER INDIA COMMERCIAL VEHICLES,KANCHIPURAM,TAMIL NADU",,"12.8390,79.9540","12.8390,79.9540",VAMOSYS
,VCV00012240/082021,8/24/2020 12:29,8/26/2020 11:48,8/26/2020 11:45,"DAIMLER INDIA COMMERCIAL VEHICLES,KANCHIPURAM,TAMIL NADU","Unnamed Road, Oragadam Industrial Corridor, Oragaram, Tamil Nadu 631605, India","DAIMLER INDIA COMMERCIAL VEHICLES,KANCHIPURAM,TAMIL NADU",,"12.8390,79.9540","12.8390,79.9540",VAMOSYS
,VCV00012202/082021,8/25/2020 12:00,8/26/2020 11:51,8/26/2020 11:40,"DAIMLER INDIA COMMERCIAL VEHICLES,KANCHIPURAM,TAMIL NADU","Singaperumal Koil - Sriperumbudur Rd, Oragadam Industrial Corridor, Vattambakkam R.F., Tamil Nadu 631605, India","DAIMLER INDIA COMMERCIAL VEHICLES,KANCHIPURAM,TAMIL NADU",,"12.8390,79.9540","12.8390,79.9540",VAMOSYS
,VCV00012822/082021,8/25/2020 23:58,8/26/2020 11:51,8/26/2020 11:40,"DAIMLER INDIA COMMERCIAL VEHICLES,KANCHIPURAM,TAMIL NADU","Singaperumal Koil - Sriperumbudur Rd, Oragadam Industrial Corridor, Vattambakkam R.F., Tamil Nadu 631605, India","DAIMLER INDIA COMMERCIAL VEHICLES,KANCHIPURAM,TAMIL NADU",,"12.8390,79.9540","12.8390,79.9540",VAMOSYS
,VCV00012986/082021,8/26/2020 11:12,8/26/2020 11:55,8/26/2020 11:45,"ASHOK LEYLAND PLANT 2-HOSUR,HOSUR,KARNATAKA","7, Hosur - Krishnagiri Rd, Maruthi Nagar, Hosur, Tamil Nadu 635109, India","ASHOK LEYLAND PLANT 2-HOSUR,HOSUR,KARNATAKA",,"12.7200,77.8170","12.7220,77.8700",VAMOSYS
,VCV00012960/082021,8/26/2020 10:53,8/26/2020 12:00,8/26/2020 11:45,"ASHOK LEYLAND PLANT 2-HOSUR,HOSUR,KARNATAKA","55, SIPCOT Industrial Complex,Phase-I,Mookandapalli Post, Sipcot Ph. I, Hosur, Tamil Nadu 635126, India","ASHOK LEYLAND PLANT 2-HOSUR,HOSUR,KARNATAKA",,"12.7200,77.8170","12.7220,77.8700",VAMOSYS
,AEIBK2026859,8/25/2020 11:50,8/26/2020 11:54,8/21/2020 13:30,"Pozhal, Tiruvallur, Tamil Nadu","#6, Maruthi Nagar, SIPCOT Post, opp. Shivaranjani Hotel, Sunnambu Jeebi, Hosur, Tamil Nadu 635109, India","Mookandapalli, Krishnagiri, Tamil Nadu",,"13.165101,80.204244","12.746894,77.806168",CONSENT TRACK
,MVCV0001573/082021,8/26/2020 11:22,8/26/2020 11:58,8/26/2020 11:10,"ASHOK LEYLAND ENNORE,CHENNAI,TAMIL NADU","7, Hosur - Krishnagiri Rd, Maruthi Nagar, Hosur, Tamil Nadu 635109, India","ASHOK LEYLAND PLANT 2-HOSUR,HOSUR,KARNATAKA",,"13.2150,80.3200","12.7660,77.7860",CONSENT TRACK
,VCV00012988/082021,8/26/2020 11:12,8/26/2020 11:38,8/26/2020 11:30,"ASHOK LEYLAND PLANT 2-HOSUR,HOSUR,KARNATAKA","Unnamed Road, Sipcot Phase II Industrial Complex, Sipcot Ph 2, Hosur, Tamil Nadu 635109, India","ASHOK LEYLAND PLANT 2-HOSUR,HOSUR,KARNATAKA",,"12.7200,77.8170","12.7220,77.8700",VAMOSYS
,AEIBK2026666,8/20/2020 21:38,8/26/2020 12:40,8/26/2020 7:15,"Naickenpalayam, Coimbatore, Tamil Nadu","NH 44, Timmapuram, Tamil Nadu 635112, India","Mookandapalli, Krishnagiri, Tamil Nadu",,"11.154594,76.922532","12.746894,77.806168",CONSENT TRACK
,AEIBK2027147,8/21/2020 20:30,8/26/2020 11:40,8/24/2020 8:55,"Naickenpalayam, Coimbatore, Tamil Nadu","Service Rd, Hamumanthapuram, Anna Nagar, Tamil Nadu 635109, India","Mookandapalli, Krishnagiri, Tamil Nadu",,"11.154594,76.922532","12.746894,77.806168",CONSENT TRACK
,VCV00012965/082021,8/26/2020 10:53,8/26/2020 11:25,8/26/2020 11:15,"ASHOK LEYLAND PLANT 2-HOSUR,HOSUR,KARNATAKA","7, Hosur - Krishnagiri Rd, Maruthi Nagar, Hosur, Tamil Nadu 635109, India","ASHOK LEYLAND PLANT 2-HOSUR,HOSUR,KARNATAKA",,"12.7200,77.8170","12.7220,77.8700",VAMOSYS
,VCV00012966/082021,8/26/2020 10:53,8/26/2020 11:22,8/26/2020 11:15,"ASHOK LEYLAND PLANT 2-HOSUR,HOSUR,KARNATAKA","Unnamed Road, Sipcot Phase II Industrial Complex, Sipcot Ph 2, Hosur, Tamil Nadu 635109, India","ASHOK LEYLAND PLANT 2-HOSUR,HOSUR,KARNATAKA",,"12.7200,77.8170","12.7220,77.8700",VAMOSYS
,VCV00012979/082021,8/26/2020 11:07,8/26/2020 11:23,8/26/2020 11:15,"ASHOK LEYLAND PLANT 2-HOSUR,HOSUR,KARNATAKA","Unnamed Road, Sipcot Phase II Industrial Complex, Sipcot Ph 2, Hosur, Tamil Nadu 635109, India","ASHOK LEYLAND PLANT 2-HOSUR,HOSUR,KARNATAKA",,"12.7200,77.8170","12.7220,77.8700",VAMOSYS
,VCV00012962/082021,8/26/2020 10:53,8/26/2020 11:10,8/26/2020 10:50,"ASHOK LEYLAND PLANT 2-HOSUR,HOSUR,KARNATAKA","1, NH 44, Kumudepalli, Moranapalli, Tamil Nadu 635109, India","ASHOK LEYLAND PLANT 2-HOSUR,HOSUR,KARNATAKA",,"12.7200,77.8170","12.7220,77.8700",VAMOSYS
,VCV00011598/082021,8/24/2020 16:30,8/26/2020 11:43,8/26/2020 10:50,"DAIMLER INDIA COMMERCIAL VEHICLES,KANCHIPURAM,TAMIL NADU","Ind.park Road, Nayapakkam, Tamil Nadu 602105, India","DAIMLER INDIA COMMERCIAL VEHICLES,KANCHIPURAM,TAMIL NADU",,"12.8390,79.9540","12.8390,79.9540",VAMOSYS
,VCV00011079/082021,8/22/2020 1:46,8/26/2020 10:34,8/26/2020 10:15,"DAIMLER INDIA COMMERCIAL VEHICLES,KANCHIPURAM,TAMIL NADU","Unnamed Road, Oragadam Industrial Corridor, Oragaram, Tamil Nadu 631605, India","DAIMLER INDIA COMMERCIAL VEHICLES,KANCHIPURAM,TAMIL NADU",,"12.8390,79.9540","12.8390,79.9540",VAMOSYS
,VCV00012896/082021,8/26/2020 9:54,8/26/2020 10:21,8/26/2020 9:55,"ASHOK LEYLAND PLANT 2-HOSUR,HOSUR,KARNATAKA","Unnamed Road, Sipcot Ph. I, Hosur, Tamil Nadu 635126, India","ASHOK LEYLAND PLANT 2-HOSUR,HOSUR,KARNATAKA",,"12.7200,77.8170","12.7220,77.8700",VAMOSYS
,VCV00011590/082021,8/24/2020 16:16,8/26/2020 13:19,8/26/2020 8:45,"ASHOK LEYLAND ENNORE,CHENNAI,TAMIL NADU","Unnamed Road, Tamil Nadu 631551, India","ASHOK LEYLAND PLANT 2-HOSUR,HOSUR,KARNATAKA",,"13.2150,80.3200","12.7660,77.7860",CONSENT TRACK
,VCV00012862/082021,8/26/2020 8:59,8/26/2020 9:02,8/26/2020 8:55,"TRACTORS & FARM EQUIPMENT LIMITED,KANCHIPURAM,TAMIL NADU","PLOT NO 3, INDUSTRIAL AREA II - CMDA, MARAIMALAI NAGAR, Maraimalai Nagar, Tamil Nadu 603209, India","TRACTORS & FARMS EQUIPMENTS LIMITED,KANCHIPURAM,TAMIL NADU",,"12.7770,80.0250","12.7780,80.0250",VAMOSYS
,VCV00011992/082021,8/25/2020 9:22,8/26/2020 8:48,8/26/2020 8:40,"TRACTORS & FARM EQUIPMENT LIMITED,KANCHIPURAM,TAMIL NADU","PLOT NO 3, INDUSTRIAL AREA II - CMDA, MARAIMALAI NAGAR, Maraimalai Nagar, Tamil Nadu 603209, India","TRACTORS & FARMS EQUIPMENTS LIMITED,KANCHIPURAM,TAMIL NADU",,"12.7770,80.0250","12.7780,80.0250",VAMOSYS
,VCV00011993/082021,8/25/2020 9:22,8/26/2020 8:48,8/26/2020 8:40,"TRACTORS & FARM EQUIPMENT LIMITED,KANCHIPURAM,TAMIL NADU","PLOT NO 3, INDUSTRIAL AREA II - CMDA, MARAIMALAI NAGAR, Maraimalai Nagar, Tamil Nadu 603209, India","TRACTORS & FARMS EQUIPMENTS LIMITED,KANCHIPURAM,TAMIL NADU",,"12.7770,80.0250","12.7780,80.0250",VAMOSYS
,VCV00012731/082021,8/25/2020 20:38,8/26/2020 8:06,8/26/2020 7:55,"DAIMLER INDIA COMMERCIAL VEHICLES,KANCHIPURAM,TAMIL NADU","Singaperumal Koil - Sriperumbudur Rd, Oragadam Industrial Corridor, Vattambakkam R.F., Tamil Nadu 603204, India","DAIMLER INDIA COMMERCIAL VEHICLES,KANCHIPURAM,TAMIL NADU",,"12.8390,79.9540","12.8390,79.9540",VAMOSYS
,VCV00011947/082021,8/25/2020 1:42,8/26/2020 7:51,8/26/2020 7:35,"DAIMLER INDIA COMMERCIAL VEHICLES,KANCHIPURAM,TAMIL NADU","Singaperumal Koil - Sriperumbudur Rd, Oragadam Industrial Corridor, Vattambakkam R.F., Tamil Nadu 631605, India","DAIMLER INDIA COMMERCIAL VEHICLES,KANCHIPURAM,TAMIL NADU",,"12.8390,79.9540","12.8390,79.9540",VAMOSYS
,VCV00012831/082021,8/26/2020 2:45,8/26/2020 7:36,8/26/2020 7:25,"DAIMLER INDIA COMMERCIAL VEHICLES,KANCHIPURAM,TAMIL NADU","Singaperumal Koil - Sriperumbudur Rd, Oragadam Industrial Corridor, Vattambakkam R.F., Tamil Nadu 631605, India","DAIMLER INDIA COMMERCIAL VEHICLES,KANCHIPURAM,TAMIL NADU",,"12.8390,79.9540","12.8390,79.9540",VAMOSYS
,VCV00012383/082021,8/25/2020 14:48,8/26/2020 7:20,8/26/2020 7:10,"DAIMLER INDIA COMMERCIAL VEHICLES,KANCHIPURAM,TAMIL NADU","Singaperumal Koil - Sriperumbudur Rd, Oragadam Industrial Corridor, Vattambakkam R.F., Tamil Nadu 631605, India","DAIMLER INDIA COMMERCIAL VEHICLES,KANCHIPURAM,TAMIL NADU",,"12.8390,79.9540","12.8390,79.9540",VAMOSYS
,VCV00012807/082021,8/25/2020 22:59,8/26/2020 4:21,8/26/2020 4:15,"DAIMLER INDIA COMMERCIAL VEHICLES,KANCHIPURAM,TAMIL NADU","Singaperumal Koil - Sriperumbudur Rd, Oragadam Industrial Corridor, Vattambakkam R.F., Tamil Nadu 631605, India","DAIMLER INDIA COMMERCIAL VEHICLES,KANCHIPURAM,TAMIL NADU",,"12.8390,79.9540","12.8390,79.9540",VAMOSYS
,VCV00011952/082021,8/25/2020 2:15,8/26/2020 7:17,8/26/2020 3:55,"LUCAS TVS LTD-PONDY,PONDY,PONDICHERRY","Madukkarai Main Rd, Nettapakkam, Puducherry 605106, India","LUCAS TVS LTD-PONDY,PONDY,PONDICHERRY",,"11.8720,79.6320","13.1020,80.1940",VAMOSYS
,VCV00012788/082021,8/25/2020 21:33,8/26/2020 2:51,8/26/2020 2:30,"DAIMLER INDIA COMMERCIAL VEHICLES,KANCHIPURAM,TAMIL NADU","Automotive Corridor, Pondur, Tamil Nadu 602105, India","DAIMLER INDIA COMMERCIAL VEHICLES,KANCHIPURAM,TAMIL NADU",,"12.8390,79.9540","12.8390,79.9540",VAMOSYS
,VCV00012535/082021,8/25/2020 16:27,8/26/2020 2:06,8/26/2020 1:50,"DAIMLER INDIA COMMERCIAL VEHICLES,KANCHIPURAM,TAMIL NADU","Singaperumal Koil - Sriperumbudur Rd, Oragadam Industrial Corridor, Vattambakkam R.F., Tamil Nadu 631605, India","DAIMLER INDIA COMMERCIAL VEHICLES,KANCHIPURAM,TAMIL NADU",,"12.8390,79.9540","12.8390,79.9540",VAMOSYS
,VCV00012735/082021,8/25/2020 20:34,8/26/2020 1:51,8/26/2020 1:40,"LUCAS TVS LTD-AMBATTUR,CHENNAI,TAMIL NADU","Madukkarai Main Rd, Nettapakkam, Puducherry 605106, India","LUCAS TVS LTD-PONDY,PONDY,PONDICHERRY",,"13.1020,80.1940","11.8720,79.6320",VAMOSYS
,VCV00012771/082021,8/25/2020 21:22,8/26/2020 1:23,8/26/2020 1:10,"DAIMLER INDIA COMMERCIAL VEHICLES,KANCHIPURAM,TAMIL NADU","Singaperumal Koil - Sriperumbudur Rd, Oragadam Industrial Corridor, Vattambakkam R.F., Tamil Nadu 631605, India","DAIMLER INDIA COMMERCIAL VEHICLES,KANCHIPURAM,TAMIL NADU",,"12.8390,79.9540","12.8390,79.9540",VAMOSYS
,VCV00012401/082021,8/25/2020 15:19,8/26/2020 0:07,8/25/2020 23:50,"DAIMLER INDIA COMMERCIAL VEHICLES,KANCHIPURAM,TAMIL NADU","Singaperumal Koil - Sriperumbudur Rd, Oragadam Industrial Corridor, Vattambakkam R.F., Tamil Nadu 631605, India","DAIMLER INDIA COMMERCIAL VEHICLES,KANCHIPURAM,TAMIL NADU",,"12.8390,79.9540","12.8390,79.9540",VAMOSYS
,VCV00012040/082021,8/25/2020 10:06,8/25/2020 23:52,8/25/2020 23:40,"DAIMLER INDIA COMMERCIAL VEHICLES,KANCHIPURAM,TAMIL NADU","Singaperumal Koil - Sriperumbudur Rd, Oragadam Industrial Corridor, Vattambakkam R.F., Tamil Nadu 631605, India","DAIMLER INDIA COMMERCIAL VEHICLES,KANCHIPURAM,TAMIL NADU",,"12.8390,79.9540","12.8390,79.9540",VAMOSYS
,VCV00011231/082021,8/22/2020 14:27,8/25/2020 23:21,8/25/2020 23:10,"DAIMLER INDIA COMMERCIAL VEHICLES,KANCHIPURAM,TAMIL NADU","Singaperumal Koil - Sriperumbudur Rd, Oragadam Industrial Corridor, Vattambakkam R.F., Tamil Nadu 631605, India","DAIMLER INDIA COMMERCIAL VEHICLES,KANCHIPURAM,TAMIL NADU",,"12.8390,79.9540","12.8390,79.9540",VAMOSYS
,VCV00011946/082021,8/25/2020 1:41,8/25/2020 23:09,8/25/2020 23:00,"DAIMLER INDIA COMMERCIAL VEHICLES,KANCHIPURAM,TAMIL NADU","Singaperumal Koil - Sriperumbudur Rd, Oragadam Industrial Corridor, Vattambakkam R.F., Tamil Nadu 631605, India","DAIMLER INDIA COMMERCIAL VEHICLES,KANCHIPURAM,TAMIL NADU",,"12.8390,79.9540","12.8390,79.9540",VAMOSYS
,AEIBK2026835,8/21/2020 21:31,8/26/2020 5:18,8/24/2020 17:00,"Vellaripatti, Madurai, Tamil Nadu","MDR227, Pasingapuram, Tamil Nadu 625018, India","Devalapura, Mysore, Karnataka",,"9.973636,78.281783","12.223062,76.690357",CONSENT TRACK
,MVCV0001533/082021,8/25/2020 20:41,8/25/2020 20:51,8/25/2020 20:45,"DAIMLER INDIA COMMERCIAL VEHICLES,KANCHIPURAM,TAMIL NADU","Singaperumal Koil - Sriperumbudur Rd, Oragadam Industrial Corridor, Vattambakkam R.F., Tamil Nadu 631605, India","DAIMLER INDIA COMMERCIAL VEHICLES,KANCHIPURAM,TAMIL NADU",,"12.8390,79.9540","12.8390,79.9540",VAMOSYS
,VCV00011949/082021,8/25/2020 1:52,8/25/2020 20:37,8/25/2020 20:25,"DAIMLER INDIA COMMERCIAL VEHICLES,KANCHIPURAM,TAMIL NADU","Singaperumal Koil - Sriperumbudur Rd, Oragadam Industrial Corridor, Vattambakkam R.F., Tamil Nadu 631605, India","DAIMLER INDIA COMMERCIAL VEHICLES,KANCHIPURAM,TAMIL NADU",,"12.8390,79.9540","12.8390,79.9540",VAMOSYS
,VCV00011706/082021,8/24/2020 19:09,8/25/2020 20:06,8/25/2020 19:55,"DAIMLER INDIA COMMERCIAL VEHICLES,KANCHIPURAM,TAMIL NADU","Singaperumal Koil - Sriperumbudur Rd, Oragadam Industrial Corridor, Vattambakkam R.F., Tamil Nadu 631605, India","DAIMLER INDIA COMMERCIAL VEHICLES,KANCHIPURAM,TAMIL NADU",,"12.8390,79.9540","12.8390,79.9540",KRC LOGISTICS
,VCV00011961/082021,8/25/2020 8:18,8/25/2020 19:40,8/25/2020 19:10,"DAIMLER INDIA COMMERCIAL VEHICLES,KANCHIPURAM,TAMIL NADU","SH 57, Oragadam Industrial Corridor, Perinjambakkam, Tamil Nadu 631604, India","DAIMLER INDIA COMMERCIAL VEHICLES,KANCHIPURAM,TAMIL NADU",,"12.8390,79.9540","12.8390,79.9540",VAMOSYS
,VCV00012061/082021,8/25/2020 10:22,8/25/2020 18:51,8/25/2020 18:45,"DAIMLER INDIA COMMERCIAL VEHICLES,KANCHIPURAM,TAMIL NADU","Singaperumal Koil - Sriperumbudur Rd, Oragadam Industrial Corridor, Vattambakkam R.F., Tamil Nadu 631605, India","DAIMLER INDIA COMMERCIAL VEHICLES,KANCHIPURAM,TAMIL NADU",,"12.8390,79.9540","12.8390,79.9540",VAMOSYS
,VCV00012523/082021,8/25/2020 16:19,8/25/2020 18:34,8/25/2020 18:25,"LUCAS TVS LTD-PONDY,PONDY,PONDICHERRY","5th street, hot chips, 12th Main Rd, Opposite to, TVS Industries, Padi, Chennai, Tamil Nadu 600040, India","LUCAS TVS LTD-AMBATTUR,CHENNAI,TAMIL NADU",,"11.8720,79.6320","13.1020,80.1940",VAMOSYS
,VCV00012197/082021,8/25/2020 11:58,8/25/2020 18:36,8/25/2020 18:25,"DAIMLER INDIA COMMERCIAL VEHICLES,KANCHIPURAM,TAMIL NADU","Singaperumal Koil - Sriperumbudur Rd, Oragadam Industrial Corridor, Vattambakkam R.F., Tamil Nadu 631605, India","DAIMLER INDIA COMMERCIAL VEHICLES,KANCHIPURAM,TAMIL NADU",,"12.8390,79.9540","12.8390,79.9540",VAMOSYS
,VCV00011608/082021,8/24/2020 16:41,8/25/2020 18:22,8/25/2020 18:15,"DAIMLER INDIA COMMERCIAL VEHICLES,KANCHIPURAM,TAMIL NADU","Singaperumal Koil - Sriperumbudur Rd, Oragadam Industrial Corridor, Vattambakkam R.F., Tamil Nadu 631605, India","DAIMLER INDIA COMMERCIAL VEHICLES,KANCHIPURAM,TAMIL NADU",,"12.8390,79.9540","12.8390,79.9540",VAMOSYS
,VCV00012389/082021,8/25/2020 14:54,8/25/2020 18:07,8/25/2020 18:00,"DAIMLER INDIA COMMERCIAL VEHICLES,KANCHIPURAM,TAMIL NADU","Singaperumal Koil - Sriperumbudur Rd, Oragadam Industrial Corridor, Vattambakkam R.F., Tamil Nadu 631605, India","DAIMLER INDIA COMMERCIAL VEHICLES,KANCHIPURAM,TAMIL NADU",,"12.8390,79.9540","12.8390,79.9540",VAMOSYS
,AEIBK2026897,8/25/2020 17:06,8/25/2020 17:47,8/25/2020 16:35,"Pozhal, Tiruvallur, Tamil Nadu","Zuzuwadi Bus Stop, Zuzuvadi, Tamil Nadu 635126, India","Mookandapalli, Krishnagiri, Tamil Nadu",,"13.165101,80.204244","12.746894,77.806168",CONSENT TRACK
,VCV00011331/082021,8/24/2020 9:44,8/25/2020 17:28,8/25/2020 17:15,"LUCAS TVS LTD-PONDY,PONDY,PONDICHERRY","No1 ,Ashoka Nagar St, Ashoka Nagar, MMDA Colony, Arumbakkam Chennai, Tamil Nadu 600106, Call, Kanna Bala Nagar, Ashoka Nagar, Sri Sakthi Nagar, Arumbakkam, Chennai, Tamil Nadu 600106, India","LUCAS TVS LTD-PONDY,PONDY,PONDICHERRY",,"11.8720,79.6320","13.1020,80.1940",VAMOSYS
,VCV00012216/082021,8/24/2020 12:14,8/25/2020 17:07,8/25/2020 17:00,"DAIMLER INDIA COMMERCIAL VEHICLES,KANCHIPURAM,TAMIL NADU","Singaperumal Koil - Sriperumbudur Rd, Oragadam Industrial Corridor, Vattambakkam R.F., Tamil Nadu 631605, India","DAIMLER INDIA COMMERCIAL VEHICLES,KANCHIPURAM,TAMIL NADU",,"12.8390,79.9540","12.8390,79.9540",VAMOSYS
,AEIBK2026778,8/21/2020 16:26,8/25/2020 18:57,8/24/2020 0:05,"Pozhal, Tiruvallur, Tamil Nadu","Vaniyambadi Rd, Valayambattu, Tamil Nadu 635752, India","Onnalvadi, Krishnagiri, Tamil Nadu",,"13.165101,80.204244","12.683589,77.859239",CONSENT TRACK
,AEIBK2026277,8/18/2020 17:22,8/25/2020 17:18,8/25/2020 16:35,"Pozhal, Tiruvallur, Tamil Nadu","Zuzuwadi Bus Stop, Zuzuvadi, Tamil Nadu 635126, India","Mookandapalli, Krishnagiri, Tamil Nadu",,"13.165101,80.204244","12.746894,77.806168",CONSENT TRACK
,VCV00012057/082021,8/25/2020 10:18,8/25/2020 22:40,8/25/2020 16:45,"ASHOK LEYLAND PLANT 2-HOSUR,HOSUR,KARNATAKA","Ashok Leyland Ltd, 7, Ennore Express Rd, Ashok Leyland Area, Ennore, Tamil Nadu 600057, India","ASHOK LEYLAND ENNORE,CHENNAI,TAMIL NADU",,"13.2150,80.3200","12.7260,77.8760",CONSENT TRACK
,VCV00011656/082021,8/24/2020 17:47,8/25/2020 16:34,8/25/2020 16:20,"DAIMLER INDIA COMMERCIAL VEHICLES,KANCHIPURAM,TAMIL NADU","Unnamed Road, Oragadam Industrial Corridor, Vattambakkam R.F., Tamil Nadu 631605, India","DAIMLER INDIA COMMERCIAL VEHICLES,KANCHIPURAM,TAMIL NADU",,"12.8390,79.9540","12.8390,79.9540",VAMOSYS
,MVCV0001108/082021,8/20/2020 11:33,8/25/2020 22:26,8/25/2020 16:00,"PRAVEEN ENGINEERING INDUSTRIES,HOSUR,TAMIL NADU","165, Rajeswari Layout, Govinda Agraharam, Tamil Nadu 635126, India","SRI DEVI POWDER COATING INDUSTRIES,CHENNAI,TAMIL NADU",,"12.7510,77.8040","13.2150,80.3200",CONSENT TRACK
,VCV00011943/082021,8/25/2020 1:16,8/25/2020 16:18,8/25/2020 16:10,"DAIMLER INDIA COMMERCIAL VEHICLES,KANCHIPURAM,TAMIL NADU","Unnamed Road, Oragadam Industrial Corridor, Oragaram, Tamil Nadu 631605, India","DAIMLER INDIA COMMERCIAL VEHICLES,KANCHIPURAM,TAMIL NADU",,"12.8390,79.9540","12.8390,79.9540",VAMOSYS
,VCV00011469/082021,8/24/2020 13:24,8/25/2020 15:58,8/25/2020 15:45,"DAIMLER INDIA COMMERCIAL VEHICLES,KANCHIPURAM,TAMIL NADU","B28, sipcot growth center, Oragadam SRIPERAMBUDUR talk Mathur post, Oragadam Industrial Corridor, Tamil Nadu 602105, India","DAIMLER INDIA COMMERCIAL VEHICLES,KANCHIPURAM,TAMIL NADU",,"12.8390,79.9540","12.8390,79.9540",VAMOSYS
,VCV00012358/082021,8/25/2020 14:25,8/25/2020 15:35,8/25/2020 15:15,"ASHOK LEYLAND PLANT 2-HOSUR,HOSUR,KARNATAKA","Unnamed Road, Sipcot Ph. I, Hosur, Tamil Nadu 635126, India","ASHOK LEYLAND PLANT 2-HOSUR,HOSUR,KARNATAKA",,"12.7200,77.8170","12.7220,77.8700",VAMOSYS
,VCV00012359/082021,8/25/2020 14:25,8/25/2020 15:25,8/25/2020 15:15,"ASHOK LEYLAND PLANT 2-HOSUR,HOSUR,KARNATAKA","Unnamed Road, Sipcot Phase II Industrial Complex, Sipcot Ph 2, Hosur, Tamil Nadu 635109, India","ASHOK LEYLAND PLANT 2-HOSUR,HOSUR,KARNATAKA",,"12.7200,77.8170","12.7220,77.8700",VAMOSYS
,VCV00012370/082021,8/25/2020 14:25,8/25/2020 15:30,8/25/2020 15:15,"ASHOK LEYLAND PLANT 2-HOSUR,HOSUR,KARNATAKA","54, Sipcot Ph. I, Hosur, Tamil Nadu 635126, India","ASHOK LEYLAND PLANT 2-HOSUR,HOSUR,KARNATAKA",,"12.7200,77.8170","12.7220,77.8700",VAMOSYS
,VCV00012397/082021,8/25/2020 15:10,8/25/2020 15:23,8/25/2020 15:15,"ASHOK LEYLAND PLANT 2-HOSUR,HOSUR,KARNATAKA","Templ, Thammanayakanapalli Rd, Moranapalli, Tamil Nadu 635109, India","ASHOK LEYLAND PLANT 2-HOSUR,HOSUR,KARNATAKA",,"12.7200,77.8170","12.7220,77.8700",VAMOSYS
,VCV00012387/082021,8/25/2020 14:52,8/25/2020 15:41,8/25/2020 15:15,"ASHOK LEYLAND PLANT 2-HOSUR,HOSUR,KARNATAKA","Unnamed Road, Tamil Nadu 635126, India","ASHOK LEYLAND PLANT 2-HOSUR,HOSUR,KARNATAKA",,"12.7200,77.8170","12.7220,77.8700",VAMOSYS
,VCV00009430/082021,8/19/2020 19:46,8/25/2020 15:22,8/25/2020 15:10,"DAIMLER INDIA COMMERCIAL VEHICLES,KANCHIPURAM,TAMIL NADU","Perumalpattu - Kottamedu Rd, Oragadam Industrial Corridor, Panapakkam, Tamil Nadu 631605, India","DAIMLER INDIA COMMERCIAL VEHICLES,KANCHIPURAM,TAMIL NADU",,"12.8390,79.9540","12.8390,79.9540",VAMOSYS
,VCV00012381/082021,8/25/2020 14:43,8/25/2020 15:10,8/25/2020 15:00,"ASHOK LEYLAND PLANT 2-HOSUR,HOSUR,KARNATAKA","Unnamed Road, Sipcot Phase II Industrial Complex, Sipcot Ph 2, Hosur, Tamil Nadu 635109, India","ASHOK LEYLAND PLANT 2-HOSUR,HOSUR,KARNATAKA",,"12.7200,77.8170","12.7220,77.8700",VAMOSYS
,VCV00012385/082021,8/25/2020 14:43,8/25/2020 15:10,8/25/2020 15:00,"ASHOK LEYLAND PLANT 2-HOSUR,HOSUR,KARNATAKA","1, NH 48, Kumudepalli, Moranapalli, Tamil Nadu 635109, India","ASHOK LEYLAND PLANT 2-HOSUR,HOSUR,KARNATAKA",,"12.7200,77.8170","12.7220,77.8700",VAMOSYS
,VCV00011958/082021,8/25/2020 7:47,8/25/2020 15:07,8/25/2020 15:00,"DAIMLER INDIA COMMERCIAL VEHICLES,KANCHIPURAM,TAMIL NADU","Perumalpattu - Kottamedu Rd, Oragadam Industrial Corridor, Panapakkam, Tamil Nadu 631605, India","DAIMLER INDIA COMMERCIAL VEHICLES,KANCHIPURAM,TAMIL NADU",,"12.8390,79.9540","12.8390,79.9540",VAMOSYS
,VCV00011694/082021,8/24/2020 18:55,8/25/2020 14:37,8/25/2020 14:30,"DAIMLER INDIA COMMERCIAL VEHICLES,KANCHIPURAM,TAMIL NADU","Perumalpattu - Kottamedu Rd, Oragadam Industrial Corridor, Vattambakkam R.F., Tamil Nadu 631605, India","DAIMLER INDIA COMMERCIAL VEHICLES,KANCHIPURAM,TAMIL NADU",,"12.8390,79.9540","12.8390,79.9540",VAMOSYS
,VCV00011761/082021,8/24/2020 20:20,8/25/2020 15:06,8/25/2020 14:30,"LUCAS TVS LTD-AMBATTUR,CHENNAI,TAMIL NADU","NH36, Mathirimangalam, Tamil Nadu 605601, India","LUCAS TVS LTD-PONDY,PONDY,PONDICHERRY",,"13.1020,80.1940","11.8720,79.6320",VAMOSYS
,VCV00011829/082021,8/24/2020 21:16,8/25/2020 14:55,8/23/2020 0:05,"LUCAS TVS LTD-AMBATTUR,CHENNAI,TAMIL NADU","Unnamed Road, Thiruvandarkoil, Puducherry 605107, India","LUCAS TVS LTD-PONDY,PONDY,PONDICHERRY",,"13.1020,80.1940","11.8720,79.6320",CONSENT TRACK
,VCV00011486/082021,8/24/2020 13:46,8/25/2020 14:37,8/25/2020 14:30,"DAIMLER INDIA COMMERCIAL VEHICLES,KANCHIPURAM,TAMIL NADU","Perumalpattu - Kottamedu Rd, Oragadam Industrial Corridor, Vattambakkam R.F., Tamil Nadu 631605, India","DAIMLER INDIA COMMERCIAL VEHICLES,KANCHIPURAM,TAMIL NADU",,"12.8390,79.9540","12.8390,79.9540",VAMOSYS
,MVCV0001434/082021,8/24/2020 11:34,8/25/2020 13:56,8/24/2020 17:05,"ASHOK LEYLAND ENNORE,CHENNAI,TAMIL NADU","Lal Bus Stop, Chennekothapalli Rd, Mookondapalli, Tamil Nadu 635126, India","ASHOK LEYLAND PLANT 2-HOSUR,HOSUR,KARNATAKA",,"13.2150,80.3200","12.7660,77.7860",CONSENT TRACK
,MVCV0001429/082021,8/25/2020 9:34,8/25/2020 14:00,8/21/2020 16:55,"ASHOK LEYLAND PLANT 1- HOSUR,HOSUR,KARNATAKA","Unnamed Road, Sunnambu Jeebi, Hosur, Tamil Nadu 635109, India","ASHOK LEYLAND ENNORE,CHENNAI,TAMIL NADU",,"13.2150,80.3200","12.7660,77.7860",CONSENT TRACK
,AEIBK2027172,8/24/2020 21:18,8/25/2020 14:03,8/25/2020 13:40,"Naickenpalayam, Coimbatore, Tamil Nadu","Unnamed Road, Sipcot Ph. I, Hosur, Tamil Nadu 635126, India","Mookandapalli, Krishnagiri, Tamil Nadu",,"11.154594,76.922532","12.746894,77.806168",CONSENT TRACK
,VCV00012212/082021,8/25/2020 12:07,8/25/2020 13:23,8/25/2020 13:15,"ASHOK LEYLAND PLANT 2-HOSUR,HOSUR,KARNATAKA","Templ, Thammanayakanapalli Rd, Moranapalli, Tamil Nadu 635109, India","ASHOK LEYLAND PLANT 2-HOSUR,HOSUR,KARNATAKA",,"12.7200,77.8170","12.7220,77.8700",VAMOSYS
,AEIBK2027171,8/24/2020 20:00,8/25/2020 13:08,8/25/2020 10:45,"Naickenpalayam, Coimbatore, Tamil Nadu","59/10, Manali Express Rd, Harikrishna Puram, Manali, Chennai, Tamil Nadu 600103, India","Kamarajnagar, Tiruvallur, Tamil Nadu",,"11.154594,76.922532","13.187219,80.307731",CONSENT TRACK
,VCV00012209/082021,8/25/2020 12:07,8/25/2020 12:26,8/25/2020 12:15,"ASHOK LEYLAND PLANT 2-HOSUR,HOSUR,KARNATAKA","7, Hosur - Krishnagiri Rd, Maruthi Nagar, Hosur, Tamil Nadu 635109, India","ASHOK LEYLAND PLANT 2-HOSUR,HOSUR,KARNATAKA",,"12.7200,77.8170","12.7220,77.8700",VAMOSYS
,VCV00012196/082021,8/25/2020 11:56,8/25/2020 12:23,8/25/2020 12:15,"ASHOK LEYLAND PLANT 2-HOSUR,HOSUR,KARNATAKA","7, Hosur - Krishnagiri Rd, Maruthi Nagar, Hosur, Tamil Nadu 635109, India","ASHOK LEYLAND PLANT 2-HOSUR,HOSUR,KARNATAKA",,"12.7200,77.8170","12.7220,77.8700",VAMOSYS
,VCV00011485/082021,8/24/2020 13:44,8/25/2020 12:22,8/25/2020 12:15,"DAIMLER INDIA COMMERCIAL VEHICLES,KANCHIPURAM,TAMIL NADU","Perumalpattu - Kottamedu Rd, Oragadam Industrial Corridor, Vattambakkam R.F., Tamil Nadu 631605, India","DAIMLER INDIA COMMERCIAL VEHICLES,KANCHIPURAM,TAMIL NADU",,"12.8390,79.9540","12.8390,79.9540",VAMOSYS
,VCV00011488/082021,8/24/2020 13:52,8/25/2020 11:52,8/25/2020 11:40,"DAIMLER INDIA COMMERCIAL VEHICLES,KANCHIPURAM,TAMIL NADU","Perumalpattu - Kottamedu Rd, Oragadam Industrial Corridor, Vattambakkam R.F., Tamil Nadu 631605, India","DAIMLER INDIA COMMERCIAL VEHICLES,KANCHIPURAM,TAMIL NADU",,"12.8390,79.9540","12.8390,79.9540",VAMOSYS
,VCV00012153/082021,8/25/2020 11:14,8/25/2020 11:39,8/25/2020 11:25,"ASHOK LEYLAND PLANT 2-HOSUR,HOSUR,KARNATAKA","Unnamed Road, Sipcot Phase II Industrial Complex, Sipcot Ph 2, Hosur, Tamil Nadu 635109, India","ASHOK LEYLAND PLANT 2-HOSUR,HOSUR,KARNATAKA",,"12.7200,77.8170","12.7220,77.8700",VAMOSYS
,VCV00012121/082021,8/25/2020 10:59,8/25/2020 11:24,8/25/2020 11:15,"ASHOK LEYLAND PLANT 2-HOSUR,HOSUR,KARNATAKA","Unnamed Road, Sipcot Phase II Industrial Complex, Sipcot Ph 2, Hosur, Tamil Nadu 635109, India","ASHOK LEYLAND PLANT 2-HOSUR,HOSUR,KARNATAKA",,"12.7200,77.8170","12.7220,77.8700",VAMOSYS
,VCV00012144/082021,8/25/2020 11:01,8/25/2020 11:23,8/25/2020 11:15,"ASHOK LEYLAND PLANT 2-HOSUR,HOSUR,KARNATAKA","Unnamed Road, Sipcot Phase II Industrial Complex, Sipcot Ph 2, Moranapalli, Tamil Nadu 635109, India","ASHOK LEYLAND PLANT 2-HOSUR,HOSUR,KARNATAKA",,"12.7200,77.8170","12.7220,77.8700",VAMOSYS
,VCV00011607/082021,8/24/2020 16:37,8/26/2020 1:35,8/24/2020 14:55,"JAY BHARAT MARUTI LTD,AHMEDABAD,GUJARAT","Unnamed Road, Vitthalapur, Gujarat 382120, India","JAY BHARAT MARUTI LIMITED. (J-III-N),GURGAON,Haryana",,"23.3490,72.0560","28.3660,76.8790",CONSENT TRACK
,VCV00011475/082021,8/24/2020 13:31,8/25/2020 11:05,8/25/2020 10:50,"DAIMLER INDIA COMMERCIAL VEHICLES,KANCHIPURAM,TAMIL NADU","Unnamed Road, Oragadam Industrial Corridor, Oragaram, Tamil Nadu 631605, India","DAIMLER INDIA COMMERCIAL VEHICLES,KANCHIPURAM,TAMIL NADU",,"12.8390,79.9540","12.8390,79.9540",VAMOSYS
,VCV00011657/082021,8/24/2020 17:48,8/25/2020 11:05,8/25/2020 10:50,"DAIMLER INDIA COMMERCIAL VEHICLES,KANCHIPURAM,TAMIL NADU","Unnamed Road, Oragadam Industrial Corridor, Vattambakkam R.F., Tamil Nadu 631605, India","DAIMLER INDIA COMMERCIAL VEHICLES,KANCHIPURAM,TAMIL NADU",,"12.8390,79.9540","12.8390,79.9540",VAMOSYS
,VCV00012024/082021,8/25/2020 9:50,8/25/2020 10:21,8/25/2020 10:15,"DAIMLER INDIA COMMERCIAL VEHICLES,KANCHIPURAM,TAMIL NADU","Perumalpattu - Kottamedu Rd, Oragadam Industrial Corridor, Vattambakkam R.F., Tamil Nadu 631605, India","DAIMLER INDIA COMMERCIAL VEHICLES,KANCHIPURAM,TAMIL NADU",,"12.8390,79.9540","12.8390,79.9540",VAMOSYS
,VCV00011115/082021,8/22/2020 8:41,8/25/2020 10:25,8/24/2020 17:00,"ASHOK LEYLAND ENNORE,CHENNAI,TAMIL NADU","ESI Ring Rd, Bharathi Nagar, Sipcot Ph. I, Hosur, Tamil Nadu 635126, India","ASHOK LEYLAND PARTS-HOSUR,HOSUR,TAMIL NADU",,"13.2150,80.3200","12.7020,77.8570",CONSENT TRACK
,VCV00011735/082021,8/24/2020 19:38,8/25/2020 10:07,8/25/2020 9:50,"DAIMLER INDIA COMMERCIAL VEHICLES,KANCHIPURAM,TAMIL NADU","Perumalpattu - Kottamedu Rd, Oragadam Industrial Corridor, Vattambakkam R.F., Tamil Nadu 631605, India","DAIMLER INDIA COMMERCIAL VEHICLES,KANCHIPURAM,TAMIL NADU",,"12.8390,79.9540","12.8390,79.9540",VAMOSYS
,VCV00010240/082021,8/20/2020 15:57,8/25/2020 15:04,8/24/2020 17:10,"ASHOK LEYLAND PLANT 2-HOSUR,HOSUR,KARNATAKA","No:42/2B, Vallalar Nagar,Opp to Ashok Leyland Unit 2, Sipcot Phase II Industrial Complex, Sipcot Ph 2, Hosur, Tamil Nadu 635109, India","TVSLSL-PUZHAL-HUB,CHENNAI,TAMIL NADU",,"12.7510,77.8040","13.1550,80.1960",CONSENT TRACK
,VCV00011565/082021,8/24/2020 15:43,8/25/2020 9:20,8/25/2020 9:10,"DAIMLER INDIA COMMERCIAL VEHICLES,KANCHIPURAM,TAMIL NADU","Singaperumal Koil - Sriperumbudur Rd, Oragadam Industrial Corridor, Vattambakkam R.F., Tamil Nadu 631605, India","DAIMLER INDIA COMMERCIAL VEHICLES,KANCHIPURAM,TAMIL NADU",,"12.8390,79.9540","12.8390,79.9540",VAMOSYS
,VCV00011540/082021,8/24/2020 15:09,8/25/2020 9:12,8/25/2020 8:45,"ASHOK LEYLAND ENNORE,CHENNAI,TAMIL NADU","Unnamed Road, Sipcot Phase II Industrial Complex, Sipcot Ph 2, Hosur, Tamil Nadu 635109, India","ASHOK LEYLAND PLANT 2-HOSUR,HOSUR,KARNATAKA",,"13.2150,80.3200","12.7660,77.7860",CONSENT TRACK
,VCV00011087/082021,8/22/2020 3:07,8/25/2020 8:48,8/25/2020 8:40,"DAIMLER INDIA COMMERCIAL VEHICLES,KANCHIPURAM,TAMIL NADU","Unnamed Road, Oragadam Industrial Corridor, Oragaram, Tamil Nadu 631605, India","DAIMLER INDIA COMMERCIAL VEHICLES,KANCHIPURAM,TAMIL NADU",,"12.8390,79.9540","12.8390,79.9540",VAMOSYS
,VCV00011614/082021,8/24/2020 16:49,8/25/2020 8:08,8/25/2020 8:00,"DAIMLER INDIA COMMERCIAL VEHICLES,KANCHIPURAM,TAMIL NADU","Perumalpattu - Kottamedu Rd, Oragadam Industrial Corridor, Vattambakkam R.F., Tamil Nadu 631605, India","DAIMLER INDIA COMMERCIAL VEHICLES,KANCHIPURAM,TAMIL NADU",,"12.8390,79.9540","12.8390,79.9540",VAMOSYS
,VCV00011506/082021,8/24/2020 14:18,8/25/2020 7:35,8/25/2020 7:30,"DAIMLER INDIA COMMERCIAL VEHICLES,KANCHIPURAM,TAMIL NADU","Perumalpattu - Kottamedu Rd, Oragadam Industrial Corridor, Vattambakkam R.F., Tamil Nadu 631605, India","DAIMLER INDIA COMMERCIAL VEHICLES,KANCHIPURAM,TAMIL NADU",,"12.8390,79.9540","12.8390,79.9540",VAMOSYS
,VCV00011948/082021,8/25/2020 1:47,8/25/2020 7:08,8/25/2020 7:00,"DAIMLER INDIA COMMERCIAL VEHICLES,KANCHIPURAM,TAMIL NADU","Perumalpattu - Kottamedu Rd, Oragadam Industrial Corridor, Vattambakkam R.F., Tamil Nadu 631605, India","DAIMLER INDIA COMMERCIAL VEHICLES,KANCHIPURAM,TAMIL NADU",,"12.8390,79.9540","12.8390,79.9540",VAMOSYS
,VCV00011942/082021,8/25/2020 1:00,8/25/2020 6:34,8/25/2020 6:25,"LUCAS TVS LTD-PONDY,PONDY,PONDICHERRY","5th street, hot chips, 12th Main Rd, Opposite to, TVS Industries, Padi, Chennai, Tamil Nadu 600040, India","LUCAS TVS LTD-AMBATTUR,CHENNAI,TAMIL NADU",,"11.8720,79.6320","13.1020,80.1940",VAMOSYS
,VCV00011819/082021,8/24/2020 21:11,8/25/2020 3:49,8/25/2020 3:45,"LUCAS TVS LTD-AMBATTUR,CHENNAI,TAMIL NADU","Madukkarai Main Rd, Nettapakkam, Puducherry 605106, India","LUCAS TVS LTD-PONDY,PONDY,PONDICHERRY",,"13.1020,80.1940","11.8720,79.6320",VAMOSYS
,VCV00011928/082021,8/24/2020 23:01,8/25/2020 3:49,8/25/2020 3:45,"LUCAS TVS LTD-PONDY,PONDY,PONDICHERRY","5th street, hot chips, 12th Main Rd, Opposite to, TVS Industries, Padi, Chennai, Tamil Nadu 600040, India","LUCAS TVS LTD-AMBATTUR,CHENNAI,TAMIL NADU",,"11.8720,79.6320","13.1020,80.1940",VAMOSYS
,VCV00011305/082021,8/24/2020 6:45,8/25/2020 2:58,8/25/2020 1:45,"LUCAS TVS LTD-PONDY,PONDY,PONDICHERRY","Chennai - Theni Hwy, Thenpasar, Tamil Nadu 604001, India","LUCAS TVS LTD-PONDY,PONDY,PONDICHERRY",,"11.8710,79.7390","11.8710,79.7390",VAMOSYS
,VCV00011632/082021,8/24/2020 17:25,8/25/2020 1:50,8/25/2020 1:35,"DAIMLER INDIA COMMERCIAL VEHICLES,KANCHIPURAM,TAMIL NADU","Perumalpattu - Kottamedu Rd, Oragadam Industrial Corridor, Vattambakkam R.F., Tamil Nadu 631605, India","DAIMLER INDIA COMMERCIAL VEHICLES,KANCHIPURAM,TAMIL NADU",,"12.8390,79.9540","12.8390,79.9540",VAMOSYS
,VCV00011542/082021,8/24/2020 15:13,8/25/2020 1:52,8/25/2020 1:10,"DAIMLER INDIA COMMERCIAL VEHICLES,KANCHIPURAM,TAMIL NADU","Automotive Corridor, Pondur, Tamil Nadu 602105, India","DAIMLER INDIA COMMERCIAL VEHICLES,KANCHIPURAM,TAMIL NADU",,"12.8390,79.9540","12.8390,79.9540",VAMOSYS
,VCV00011498/082021,8/24/2020 14:06,8/25/2020 2:41,8/25/2020 1:10,"DAIMLER INDIA COMMERCIAL VEHICLES,KANCHIPURAM,TAMIL NADU","19, Jawaharlal Nehru Rd, South Jagannatha Nagar, Villivakkam, Chennai, Tamil Nadu 600049, India","DAIMLER INDIA COMMERCIAL VEHICLES,KANCHIPURAM,TAMIL NADU",,"12.8390,79.9540","12.8390,79.9540",VAMOSYS
,VCV00011513/082021,8/24/2020 14:18,8/25/2020 1:06,8/25/2020 1:00,"LUCAS TVS LTD-AMBATTUR,CHENNAI,TAMIL NADU","Eripakkam Commune, Nettapakkam, Puducherry 605106, India","LUCAS TVS LTD-PONDY,PONDY,PONDICHERRY",,"13.1020,80.1940","11.8720,79.6320",VAMOSYS
,VCV00011555/082021,8/24/2020 15:32,8/25/2020 1:07,8/25/2020 1:00,"DAIMLER INDIA COMMERCIAL VEHICLES,KANCHIPURAM,TAMIL NADU","Perumalpattu - Kottamedu Rd, Oragadam Industrial Corridor, Vattambakkam R.F., Tamil Nadu 631605, India","DAIMLER INDIA COMMERCIAL VEHICLES,KANCHIPURAM,TAMIL NADU",,"12.8390,79.9540","12.8390,79.9540",VAMOSYS
,AEIBK2026423,8/18/2020 21:18,8/25/2020 1:10,8/19/2020 16:10,"Naickenpalayam, Coimbatore, Tamil Nadu","Thendral Nagar Rd, TNHB Phase 7, Thendral Nagar, Sunnambu Jeebi, Hosur, Tamil Nadu 635109, India","Mookandapalli, Krishnagiri, Tamil Nadu",,"11.154594,76.922532","12.746894,77.806168",CONSENT TRACK
,VCV00010403/082021,8/20/2020 18:57,8/25/2020 1:26,8/25/2020 0:10,"DAIMLER INDIA COMMERCIAL VEHICLES,KANCHIPURAM,TAMIL NADU","NH 48, Tamil Nadu 632531, India","DAIMLER INDIA COMMERCIAL VEHICLES,KANCHIPURAM,TAMIL NADU",,"12.8390,79.9540","12.8390,79.9540",VAMOSYS
,VCV00009362/082021,8/19/2020 18:53,8/25/2020 0:31,8/24/2020 23:40,"DAIMLER INDIA COMMERCIAL VEHICLES,KANCHIPURAM,TAMIL NADU","NH 48, Tamil Nadu 631561, India","DAIMLER INDIA COMMERCIAL VEHICLES,KANCHIPURAM,TAMIL NADU",,"12.8390,79.9540","12.8390,79.9540",VAMOSYS
,VCV00011934/082021,8/24/2020 23:34,8/24/2020 23:51,8/24/2020 23:40,"DAIMLER INDIA COMMERCIAL VEHICLES,KANCHIPURAM,TAMIL NADU","Perumalpattu - Kottamedu Rd, Oragadam Industrial Corridor, Vattambakkam R.F., Tamil Nadu 631605, India","DAIMLER INDIA COMMERCIAL VEHICLES,KANCHIPURAM,TAMIL NADU",,"12.8390,79.9540","12.8390,79.9540",VAMOSYS
,VCV00011670/082021,8/24/2020 18:11,8/24/2020 23:21,8/24/2020 23:15,"DAIMLER INDIA COMMERCIAL VEHICLES,KANCHIPURAM,TAMIL NADU","Perumalpattu - Kottamedu Rd, Oragadam Industrial Corridor, Vattambakkam R.F., Tamil Nadu 631605, India","DAIMLER INDIA COMMERCIAL VEHICLES,KANCHIPURAM,TAMIL NADU",,"12.8390,79.9540","12.8390,79.9540",VAMOSYS
,VCV00011723/082021,8/24/2020 19:23,8/24/2020 23:24,8/24/2020 22:55,"LUCAS TVS LTD-AMBATTUR,CHENNAI,TAMIL NADU","Unnamed Road, Thiruvandarkoil, Puducherry 605107, India","LUCAS TVS LTD-PONDY,PONDY,PONDICHERRY",,"13.1020,80.1940","11.8720,79.6320",VAMOSYS
,VCV00011712/082021,8/24/2020 19:15,8/24/2020 19:50,8/24/2020 19:30,"DAIMLER INDIA COMMERCIAL VEHICLES,KANCHIPURAM,TAMIL NADU","Unnamed Road, Oragadam Industrial Corridor, Panapakkam, Tamil Nadu 603203, India","DAIMLER INDIA COMMERCIAL VEHICLES,KANCHIPURAM,TAMIL NADU",,"12.8390,79.9540","12.8390,79.9540",VAMOSYS
,VCV00011306/082021,8/24/2020 7:55,8/24/2020 19:50,8/24/2020 19:30,"DAIMLER INDIA COMMERCIAL VEHICLES,KANCHIPURAM,TAMIL NADU","Perumalpattu - Kottamedu Rd, Oragadam Industrial Corridor, Vattambakkam R.F., Tamil Nadu 631605, India","DAIMLER INDIA COMMERCIAL VEHICLES,KANCHIPURAM,TAMIL NADU",,"12.8390,79.9540","12.8390,79.9540",VAMOSYS
,VCV00011456/082021,8/24/2020 12:58,8/24/2020 19:50,8/24/2020 19:30,"DAIMLER INDIA COMMERCIAL VEHICLES,KANCHIPURAM,TAMIL NADU","Perumalpattu - Kottamedu Rd, Oragadam Industrial Corridor, Vattambakkam R.F., Tamil Nadu 631605, India","DAIMLER INDIA COMMERCIAL VEHICLES,KANCHIPURAM,TAMIL NADU",,"12.8390,79.9540","12.8390,79.9540",VAMOSYS
,VCV00011673/082021,8/24/2020 18:22,8/24/2020 19:36,8/24/2020 19:25,"DAIMLER INDIA COMMERCIAL VEHICLES,KANCHIPURAM,TAMIL NADU","Perumalpattu - Kottamedu Rd, Oragadam Industrial Corridor, Vattambakkam R.F., Tamil Nadu 631605, India","DAIMLER INDIA COMMERCIAL VEHICLES,KANCHIPURAM,TAMIL NADU",,"12.8390,79.9540","12.8390,79.9540",KRC LOGISTICS
,VCV00011284/082021,8/23/2020 19:00,8/24/2020 18:19,8/24/2020 18:10,"LUCAS TVS LTD-PONDY,PONDY,PONDICHERRY","Madukkarai Main Rd, Nettapakkam, Puducherry 605106, India","LUCAS TVS LTD-PONDY,PONDY,PONDICHERRY",,"11.8720,79.6320","11.8720,79.6320",VAMOSYS
,VCV00010453/082021,8/20/2020 21:40,8/24/2020 17:56,8/24/2020 0:05,"LUCAS TVS LTD-PONDY,PONDY,PONDICHERRY","4-27, Dudhiya, J J Nagar, Mogappair East, Chennai, Tamil Nadu 600037, India","LUCAS TVS LTD-PONDY,PONDY,PONDICHERRY",,"11.8720,79.6320","13.1020,80.1940",CONSENT TRACK
,VCV00011649/082021,8/24/2020 17:37,8/24/2020 17:59,8/24/2020 17:45,"ASHOK LEYLAND PLANT 2-HOSUR,HOSUR,KARNATAKA","Brahmma Hills Road, Gokul Nagar, Hosur, Tamil Nadu 635109, India","ASHOK LEYLAND PLANT 2-HOSUR,HOSUR,KARNATAKA",,"12.7200,77.8170","12.7220,77.8700",VAMOSYS
,VCV00011515/082021,8/24/2020 14:27,8/24/2020 18:08,8/24/2020 17:45,"LUCAS TVS LTD-AMBATTUR,CHENNAI,TAMIL NADU","Unnamed Road, Thiruvandarkoil, Puducherry 605107, India","LUCAS TVS LTD-PONDY,PONDY,PONDICHERRY",,"13.1020,80.1940","11.8720,79.6320",VAMOSYS
,VCV00011635/082021,8/24/2020 17:26,8/24/2020 17:55,8/24/2020 17:30,"ASHOK LEYLAND PLANT 2-HOSUR,HOSUR,KARNATAKA","Unnamed Road, Tamil Nadu 635126, India","ASHOK LEYLAND PLANT 2-HOSUR,HOSUR,KARNATAKA",,"12.7200,77.8170","12.7220,77.8700",VAMOSYS
,VCV00010882/082021,8/21/2020 15:24,8/24/2020 17:37,8/24/2020 17:20,"DAIMLER INDIA COMMERCIAL VEHICLES,KANCHIPURAM,TAMIL NADU","Perumalpattu - Kottamedu Rd, Oragadam Industrial Corridor, Vattambakkam R.F., Tamil Nadu 631605, India","DAIMLER INDIA COMMERCIAL VEHICLES,KANCHIPURAM,TAMIL NADU",,"12.8390,79.9540","12.8390,79.9540",VAMOSYS
,AEIBK2026830,8/21/2020 20:23,8/24/2020 18:06,8/24/2020 15:15,"Vellaripatti, Madurai, Tamil Nadu","Unnamed Road, Nagawala, Karnataka 571130, India","Devalapura, Mysore, Karnataka",,"9.973636,78.281783","12.223062,76.690357",CONSENT TRACK
,VCV00011601/082021,8/24/2020 16:29,8/24/2020 16:54,8/24/2020 16:45,"ASHOK LEYLAND PLANT 2-HOSUR,HOSUR,KARNATAKA","1, NH 48, Kumudepalli, Moranapalli, Tamil Nadu 635109, India","ASHOK LEYLAND PLANT 2-HOSUR,HOSUR,KARNATAKA",,"12.7200,77.8170","12.7220,77.8700",VAMOSYS
,VCV00011597/082021,8/24/2020 16:29,8/24/2020 17:10,8/24/2020 16:45,"ASHOK LEYLAND PLANT 2-HOSUR,HOSUR,KARNATAKA","Unnamed Road, Tamil Nadu 635126, India","ASHOK LEYLAND PLANT 2-HOSUR,HOSUR,KARNATAKA",,"12.7200,77.8170","12.7220,77.8700",VAMOSYS
,VCV00011604/082021,8/24/2020 16:40,8/24/2020 21:40,8/24/2020 16:25,"WABCO INDIA LTD-AMBATTUR,CHENNAI,TAMIL NADU","NH 48, Arcot, Tamil Nadu 632503, India","WABCO INDIA LTD,HOSUR,TAMIL NADU",,"13.0600,80.0600","12.4200,77.4800",BALLY LOGISTICS
,VCV00011610/082021,8/24/2020 16:43,8/24/2020 23:19,8/24/2020 16:25,"WABCO INDIA LTD-AMBATTUR,CHENNAI,TAMIL NADU","NH 48, Ekavalli Nagar, Maran Nagar, Chennai, Tamil Nadu 600056, India","WABCO INDIA LTD,HOSUR,TAMIL NADU",,"13.0600,80.0600","12.4200,77.4800",BALLY LOGISTICS
,VCV00011611/082021,8/24/2020 16:44,8/24/2020 23:39,8/24/2020 16:25,"WABCO INDIA LTD-AMBATTUR,CHENNAI,TAMIL NADU","21, Old Ambattur, Ambattur, Chennai, Tamil Nadu 600058, India","WABCO INDIA LTD,HOSUR,TAMIL NADU",,"13.0600,80.0600","12.4200,77.4800",BALLY LOGISTICS
,VCV00011309/082021,8/24/2020 8:59,8/24/2020 16:52,8/24/2020 16:40,"DAIMLER INDIA COMMERCIAL VEHICLES,KANCHIPURAM,TAMIL NADU","Perumalpattu - Kottamedu Rd, Oragadam Industrial Corridor, Vattambakkam R.F., Tamil Nadu 631605, India","DAIMLER INDIA COMMERCIAL VEHICLES,KANCHIPURAM,TAMIL NADU",,"12.8390,79.9540","12.8390,79.9540",VAMOSYS
,VCV00011095/082021,8/22/2020 3:57,8/24/2020 16:36,8/24/2020 16:30,"DAIMLER INDIA COMMERCIAL VEHICLES,KANCHIPURAM,TAMIL NADU","Perumalpattu - Kottamedu Rd, Oragadam Industrial Corridor, Vattambakkam R.F., Tamil Nadu 631605, India","DAIMLER INDIA COMMERCIAL VEHICLES,KANCHIPURAM,TAMIL NADU",,"12.8390,79.9540","12.8390,79.9540",VAMOSYS
,VCV00010798/082021,8/21/2020 13:13,8/24/2020 16:18,8/24/2020 16:00,"DAIMLER INDIA COMMERCIAL VEHICLES,KANCHIPURAM,TAMIL NADU","Unnamed Road, Oragadam Industrial Corridor, Vattambakkam R.F., Tamil Nadu 631605, India","DAIMLER INDIA COMMERCIAL VEHICLES,KANCHIPURAM,TAMIL NADU",,"12.8390,79.9540","12.8390,79.9540",VAMOSYS
,VCV00010100/082021,8/20/2020 14:39,8/24/2020 19:25,8/23/2020 0:05,"ASHOK LEYLAND PARTS-HOSUR,HOSUR,TAMIL NADU","53/7,Mullipet Road, Saidapet, Arani, Tamil Nadu 632301, India","ASHOK LEYLAND ENNORE,CHENNAI,TAMIL NADU",,"12.7400,77.8200","13.2150,80.3200",CONSENT TRACK
,VCV00011094/082021,8/22/2020 3:55,8/24/2020 16:06,8/24/2020 16:00,"DAIMLER INDIA COMMERCIAL VEHICLES,KANCHIPURAM,TAMIL NADU","Perumalpattu - Kottamedu Rd, Oragadam Industrial Corridor, Vattambakkam R.F., Tamil Nadu 603204, India","DAIMLER INDIA COMMERCIAL VEHICLES,KANCHIPURAM,TAMIL NADU",,"12.8390,79.9540","12.8390,79.9540",VAMOSYS
,VCV00011308/082021,8/24/2020 7:59,8/24/2020 16:08,8/24/2020 15:30,"DAIMLER INDIA COMMERCIAL VEHICLES,KANCHIPURAM,TAMIL NADU","Service Rd, Oragadam Industrial Corridor, Tamil Nadu 631605, India","DAIMLER INDIA COMMERCIAL VEHICLES,KANCHIPURAM,TAMIL NADU",,"12.8390,79.9540","12.8390,79.9540",KRC LOGISTICS
,VCV00011520/082021,8/24/2020 14:41,8/24/2020 15:47,8/24/2020 15:45,"DAIMLER INDIA COMMERCIAL VEHICLES,KANCHIPURAM,TAMIL NADU","Unnamed Road, Oragadam Industrial Corridor, Vattambakkam R.F., Tamil Nadu 631605, India","DAIMLER INDIA COMMERCIAL VEHICLES,KANCHIPURAM,TAMIL NADU",,"12.8390,79.9540","12.8390,79.9540",VAMOSYS
,AEIBK2026392,8/18/2020 21:22,8/24/2020 23:58,8/23/2020 0:05,"Vellaripatti, Madurai, Tamil Nadu","324, Veera Kaliamman Kovil St, Jaihindpuram, Tamil Nadu 625020, India","Devalapura, Mysore, Karnataka",,"9.973636,78.281783","12.223062,76.690357",CONSENT TRACK
,VCV00011084/082021,8/22/2020 2:27,8/24/2020 15:19,8/24/2020 15:10,"DAIMLER INDIA COMMERCIAL VEHICLES,KANCHIPURAM,TAMIL NADU","Perumalpattu - Kottamedu Rd, Oragadam Industrial Corridor, Vattambakkam R.F., Tamil Nadu 631605, India","DAIMLER INDIA COMMERCIAL VEHICLES,KANCHIPURAM,TAMIL NADU",,"12.8390,79.9540","12.8390,79.9540",VAMOSYS
,VCV00011539/082021,8/24/2020 15:11,8/24/2020 15:18,8/24/2020 15:10,"TVSLSL-PUZHAL-HUB,CHENNAI,TAMIL NADU","No 74 , Sadagopa Bhavanam , Rajaji Street, Kathirvedu, Valluvar Nagar, Puzhal, Chennai, Tamil Nadu 600066, India","TVSLSL-PUZHAL-HUB,CHENNAI,TAMIL NADU",,"13.1550,80.1970","13.1550,80.1970",NIMBLE
,VCV00010836/082021,8/21/2020 14:17,8/24/2020 18:31,8/24/2020 7:25,"DAIMLER INDIA COMMERCIAL VEHICLES,KANCHIPURAM,TAMIL NADU","Salem Rd, Mettupatti, Tamil Nadu 636106, India","DAIMLER INDIA COMMERCIAL VEHICLES,KANCHIPURAM,TAMIL NADU",,"12.8390,79.9540","12.8390,79.9540",VAMOSYS
,VCV00011307/082021,8/24/2020 7:58,8/24/2020 14:06,8/24/2020 13:55,"DAIMLER INDIA COMMERCIAL VEHICLES,KANCHIPURAM,TAMIL NADU","Perumalpattu - Kottamedu Rd, Oragadam Industrial Corridor, Panapakkam, Tamil Nadu 631605, India","DAIMLER INDIA COMMERCIAL VEHICLES,KANCHIPURAM,TAMIL NADU",,"12.8390,79.9540","12.8390,79.9540",VAMOSYS
,MVCV0001298/082021,8/22/2020 8:07,8/24/2020 14:00,8/21/2020 16:55,"ASHOK LEYLAND ENNORE,CHENNAI,TAMIL NADU","Unnamed Road, Sunnambu Jeebi, Hosur, Tamil Nadu 635109, India","ASHOK LEYLAND PLANT 1- HOSUR,HOSUR,KARNATAKA",,"13.2150,80.3200","12.7660,77.7860",CONSENT TRACK
,VCV00011090/082021,8/22/2020 3:36,8/24/2020 13:50,8/24/2020 13:35,"DAIMLER INDIA COMMERCIAL VEHICLES,KANCHIPURAM,TAMIL NADU","Perumalpattu - Kottamedu Rd, Oragadam Industrial Corridor, Vattambakkam R.F., Tamil Nadu 631605, India","DAIMLER INDIA COMMERCIAL VEHICLES,KANCHIPURAM,TAMIL NADU",,"12.8390,79.9540","12.8390,79.9540",VAMOSYS
,VCV00011091/082021,8/22/2020 3:39,8/24/2020 13:50,8/24/2020 13:35,"DAIMLER INDIA COMMERCIAL VEHICLES,KANCHIPURAM,TAMIL NADU","Perumalpattu - Kottamedu Rd, Oragadam Industrial Corridor, Vattambakkam R.F., Tamil Nadu 631605, India","DAIMLER INDIA COMMERCIAL VEHICLES,KANCHIPURAM,TAMIL NADU",,"12.8390,79.9540","12.8390,79.9540",VAMOSYS
,AEIBK2026883,8/24/2020 13:19,8/24/2020 14:03,8/24/2020 13:25,"Pozhal, Tiruvallur, Tamil Nadu","Unnamed Road, Sipcot Phase II Industrial Complex, Sipcot Ph 2, Moranapalli, Tamil Nadu 635109, India","Onnalvadi, Krishnagiri, Tamil Nadu",,"13.165101,80.204244","12.683589,77.859239",BEECON
,AEIBK2026889,8/24/2020 13:05,8/24/2020 13:47,8/24/2020 12:35,"Pozhal, Tiruvallur, Tamil Nadu","Zuzuwadi Bus Stop, Zuzuvadi, Tamil Nadu 635126, India","Mookandapalli, Krishnagiri, Tamil Nadu",,"13.165101,80.204244","12.746894,77.806168",CONSENT TRACK
,VCV00011065/082021,8/21/2020 23:35,8/24/2020 13:20,8/24/2020 13:10,"DAIMLER INDIA COMMERCIAL VEHICLES,KANCHIPURAM,TAMIL NADU","Perumalpattu - Kottamedu Rd, Oragadam Industrial Corridor, Vattambakkam R.F., Tamil Nadu 631605, India","DAIMLER INDIA COMMERCIAL VEHICLES,KANCHIPURAM,TAMIL NADU",,"12.8390,79.9540","12.8390,79.9540",VAMOSYS
,AEIBK2026570,8/20/2020 13:56,8/24/2020 13:33,8/24/2020 13:10,"Pozhal, Tiruvallur, Tamil Nadu","No:42/2B, Vallalar Nagar,Opp to Ashok Leyland Unit 2, Sipcot Phase II Industrial Complex, Sipcot Ph 2, Hosur, Tamil Nadu 635109, India","Onnalvadi, Krishnagiri, Tamil Nadu",,"13.165101,80.204244","12.683589,77.859239",CONSENT TRACK
,AEIBK2027146,8/22/2020 20:30,8/24/2020 13:19,8/24/2020 13:00,"Naickenpalayam, Coimbatore, Tamil Nadu","Dam Channel Road, Kumudepalli, Hosur, Tamil Nadu 635109, India","Onnalvadi, Krishnagiri, Tamil Nadu",,"11.154594,76.922532","12.683589,77.859239",CONSENT TRACK
,VCV00010889/082021,8/21/2020 15:30,8/24/2020 12:36,8/24/2020 12:25,"DAIMLER INDIA COMMERCIAL VEHICLES,KANCHIPURAM,TAMIL NADU","Perumalpattu - Kottamedu Rd, Oragadam Industrial Corridor, Vattambakkam R.F., Tamil Nadu 631605, India","DAIMLER INDIA COMMERCIAL VEHICLES,KANCHIPURAM,TAMIL NADU",,"12.8390,79.9540","12.8390,79.9540",VAMOSYS
,AEIBK2026874,8/21/2020 16:02,8/24/2020 17:11,8/24/2020 12:00,"Gopanapalli, Krishnagiri, Tamil Nadu","NH 48, Addakurukki, Tamil Nadu 635117, India","Jagadambigainagar, Tiruvallur, Tamil Nadu",,"12.671093,77.779537","13.087428,80.184717",PREM TRANSPORT
,VCV00010911/082021,8/21/2020 15:58,8/24/2020 12:06,8/24/2020 12:00,"DAIMLER INDIA COMMERCIAL VEHICLES,KANCHIPURAM,TAMIL NADU","Perumalpattu - Kottamedu Rd, Oragadam Industrial Corridor, Vattambakkam R.F., Tamil Nadu 631605, India","DAIMLER INDIA COMMERCIAL VEHICLES,KANCHIPURAM,TAMIL NADU",,"12.8390,79.9540","12.8390,79.9540",VAMOSYS
,VCV00010800/082021,8/21/2020 13:15,8/24/2020 11:47,8/24/2020 11:40,"DAIMLER INDIA COMMERCIAL VEHICLES,KANCHIPURAM,TAMIL NADU","Unnamed Road, Oragadam Industrial Corridor, Vattambakkam R.F., Tamil Nadu 631605, India","DAIMLER INDIA COMMERCIAL VEHICLES,KANCHIPURAM,TAMIL NADU",,"12.8390,79.9540","12.8390,79.9540",VAMOSYS
,VCV00011295/082021,8/23/2020 23:32,8/24/2020 13:54,8/23/2020 0:05,"LUCAS TVS LTD-PONDY,PONDY,PONDICHERRY","Unnamed Road, Thiruvandarkoil, Puducherry 605107, India","LUCAS TVS LTD-AMBATTUR,CHENNAI,TAMIL NADU",,"11.8720,79.6320","13.1020,80.1940",CONSENT TRACK
,VCV00011266/082021,8/22/2020 22:11,8/24/2020 14:00,8/24/2020 10:40,"LUCAS TVS LTD-PONDY,PONDY,PONDICHERRY","Madukkarai Main Rd, Nettapakkam, Puducherry 605106, India","LUCAS TVS LTD-AMBATTUR,CHENNAI,TAMIL NADU",,"11.8720,79.6320","13.1020,80.1940",VAMOSYS
,VCV00011334/082021,8/24/2020 9:50,8/24/2020 10:02,8/24/2020 9:55,"TRACTORS & FARM EQUIPMENT LIMITED,KANCHIPURAM,TAMIL NADU","PLOT NO 3, INDUSTRIAL AREA II - CMDA, MARAIMALAI NAGAR, Maraimalai Nagar, Tamil Nadu 603209, India","TRACTORS & FARMS EQUIPMENTS LIMITED,KANCHIPURAM,TAMIL NADU",,"12.7770,80.0250","12.7780,80.0250",VAMOSYS
,VCV00011335/082021,8/24/2020 9:50,8/24/2020 10:05,8/24/2020 9:55,"TRACTORS & FARM EQUIPMENT LIMITED,KANCHIPURAM,TAMIL NADU","Kamarajar Rd, Pavendar Salai, Maraimalai Nagar, Tamil Nadu 603209, India","TRACTORS & FARMS EQUIPMENTS LIMITED,KANCHIPURAM,TAMIL NADU",,"12.7770,80.0250","12.7780,80.0250",VAMOSYS
,VCV00011325/082021,8/24/2020 9:44,8/24/2020 9:47,8/24/2020 9:40,"TRACTORS & FARM EQUIPMENT LIMITED,KANCHIPURAM,TAMIL NADU","PLOT NO 3, INDUSTRIAL AREA II - CMDA, MARAIMALAI NAGAR, Maraimalai Nagar, Tamil Nadu 603209, India","TRACTORS & FARMS EQUIPMENTS LIMITED,KANCHIPURAM,TAMIL NADU",,"12.7770,80.0250","12.7780,80.0250",VAMOSYS
,VCV00011326/082021,8/24/2020 9:44,8/24/2020 9:55,8/24/2020 9:40,"TRACTORS & FARM EQUIPMENT LIMITED,KANCHIPURAM,TAMIL NADU","NH32, Maraimalai Nagar, Tamil Nadu 603209, India","TRACTORS & FARMS EQUIPMENTS LIMITED,KANCHIPURAM,TAMIL NADU",,"12.7770,80.0250","12.7780,80.0250",VAMOSYS
,VCV00010949/082021,8/21/2020 17:53,8/24/2020 9:42,8/24/2020 9:20,"LUCAS TVS LTD-PONDY,PONDY,PONDICHERRY","6, Ashoka Nagar St, Kanna Bala Nagar, Ashoka Nagar, Sri Sakthi Nagar, Arumbakkam, Chennai, Tamil Nadu 600106, India","LUCAS TVS LTD-PONDY,PONDY,PONDICHERRY",,"11.8720,79.6320","13.1020,80.1940",VAMOSYS
,VCV00010590/082021,8/21/2020 9:12,8/24/2020 9:32,8/24/2020 9:20,"TRACTORS & FARM EQUIPMENT LIMITED,KANCHIPURAM,TAMIL NADU","PLOT NO 3, INDUSTRIAL AREA II - CMDA, MARAIMALAI NAGAR, Maraimalai Nagar, Tamil Nadu 603209, India","TRACTORS & FARMS EQUIPMENTS LIMITED,KANCHIPURAM,TAMIL NADU",,"12.7770,80.0250","12.7780,80.0250",VAMOSYS
,VCV00011113/082021,8/22/2020 8:40,8/24/2020 9:40,8/24/2020 9:05,"ASHOK LEYLAND ENNORE,CHENNAI,TAMIL NADU","Unnamed Road, Sipcot Phase II Industrial Complex, Sipcot Ph 2, Moranapalli, Tamil Nadu 635109, India","ASHOK LEYLAND PLANT 2-HOSUR,HOSUR,KARNATAKA",,"13.2150,80.3200","12.7660,77.7860",CONSENT TRACK
,VCV00011052/082021,8/21/2020 22:26,8/24/2020 8:48,8/24/2020 8:45,"DAIMLER INDIA COMMERCIAL VEHICLES,KANCHIPURAM,TAMIL NADU","Unnamed Road, Oragadam Industrial Corridor, Panapakkam, Tamil Nadu, India","DAIMLER INDIA COMMERCIAL VEHICLES,KANCHIPURAM,TAMIL NADU",,"12.8390,79.9540","12.8390,79.9540",VAMOSYS
,VCV00010426/082021,8/20/2020 19:33,8/24/2020 6:36,8/24/2020 6:30,"DAIMLER INDIA COMMERCIAL VEHICLES,KANCHIPURAM,TAMIL NADU","Perumalpattu - Kottamedu Rd, Oragadam Industrial Corridor, Vattambakkam R.F., Tamil Nadu 631605, India","DAIMLER INDIA COMMERCIAL VEHICLES,KANCHIPURAM,TAMIL NADU",,"12.8390,79.9540","12.8390,79.9540",VAMOSYS
,VCV00011262/082021,8/22/2020 21:00,8/24/2020 9:39,8/24/2020 6:25,"LUCAS TVS LTD-PONDY,PONDY,PONDICHERRY","Unnamed Road, Thiruvandarkoil, Puducherry 605107, India","LUCAS TVS LTD-PONDY,PONDY,PONDICHERRY",,"11.8720,79.6320","13.1020,80.1940",VAMOSYS
,VCV00011273/082021,8/22/2020 22:41,8/24/2020 6:19,8/24/2020 6:15,"LUCAS TVS LTD-PONDY,PONDY,PONDICHERRY","TVS 30 Feet Rd, TVS Industries, Korattur, Chennai, Tamil Nadu 600076, India","LUCAS TVS LTD-AMBATTUR,CHENNAI,TAMIL NADU",,"11.8720,79.6320","13.1020,80.1940",VAMOSYS
,VCV00011287/082021,8/23/2020 20:48,8/24/2020 6:04,8/24/2020 6:00,"LUCAS TVS LTD-PONDY,PONDY,PONDICHERRY","5th street, hot chips, 12th Main Rd, Opposite to, TVS Industries, Padi, Chennai, Tamil Nadu 600040, India","LUCAS TVS LTD-AMBATTUR,CHENNAI,TAMIL NADU",,"11.8720,79.6320","13.1020,80.1940",VAMOSYS
,VCV00008377/082021,8/18/2020 14:33,8/24/2020 3:36,8/18/2020 0:05,"ASHOK LEYLAND ENNORE,CHENNAI,TAMIL NADU","NH 48, Agaramcheri, Tamil Nadu 635809, India","ASHOK LEYLAND PLANT 1- HOSUR,HOSUR,KARNATAKA",,"13.2150,80.3200","12.7660,77.7860",CONSENT TRACK
,AEIBK2026052,8/18/2020 11:30,8/24/2020 1:13,8/18/2020 15:55,"Vellaripatti, Madurai, Tamil Nadu","Airport, Marase, Karnataka 570008, India","Devalapura, Mysore, Karnataka",,"9.973636,78.281783","12.223062,76.690357",CONSENT TRACK
,AEIBK2025996,8/17/2020 22:53,8/24/2020 1:13,8/18/2020 0:05,"Vellaripatti, Madurai, Tamil Nadu","Airport, Marase, Karnataka 570008, India","Devalapura, Mysore, Karnataka",,"9.973636,78.281783","12.223062,76.690357",CONSENT TRACK
,AEIBK2026271,8/18/2020 17:00,8/24/2020 1:19,8/18/2020 13:05,"Pozhal, Tiruvallur, Tamil Nadu","Wel-Fit Health Club, Tippalam Rd, Kumudepalli, Moranapalli, Tamil Nadu 635109, India","Onnalvadi, Krishnagiri, Tamil Nadu",,"13.165101,80.204244","12.683589,77.859239",CONSENT TRACK
,VCV00011265/082021,8/22/2020 21:58,8/24/2020 4:00,8/18/2020 12:40,"LUCAS TVS LTD-PONDY,PONDY,PONDICHERRY","pudhu nagar 5th street, Nettapakkam, Puducherry 605106, India","LUCAS TVS LTD-PONDY,PONDY,PONDICHERRY",,"11.8720,79.6320","13.1020,80.1940",CONSENT TRACK
,VCV00009193/082021,8/19/2020 17:24,8/24/2020 4:45,8/18/2020 12:50,"ASHOK LEYLAND PLANT 2-HOSUR,HOSUR,KARNATAKA","Unnamed Road, Pappanthangal, Tamil Nadu 604407, India","ASHOK LEYLAND ENNORE,CHENNAI,TAMIL NADU",,"13.2150,80.3200","12.7260,77.8760",CONSENT TRACK
,VCV00009577/082021,8/19/2020 21:20,8/23/2020 19:04,8/23/2020 18:55,"LUCAS TVS LTD-PONDY,PONDY,PONDICHERRY","Madukkarai Main Rd, Nettapakkam, Puducherry 605106, India","LUCAS TVS LTD-PONDY,PONDY,PONDICHERRY",,"11.8720,79.6320","11.8720,79.6320",VAMOSYS
,VCV00011197/082021,8/22/2020 13:31,8/23/2020 12:08,8/23/2020 0:05,"LUCAS TVS LTD-AMBATTUR,CHENNAI,TAMIL NADU","Unnamed Road, Thiruvandarkoil, Puducherry 605107, India","LUCAS TVS LTD-PONDY,PONDY,PONDICHERRY",,"13.1020,80.1940","11.8720,79.6320",CONSENT TRACK
,VCV00010851/082021,8/21/2020 14:26,8/23/2020 2:16,8/17/2020 20:35,"LUCAS TVS LTD-PONDY,PONDY,PONDICHERRY","Olakkur Bus Station, Nallathur, Tamil Nadu 604307, India","LUCAS TVS LTD-PONDY,PONDY,PONDICHERRY",,"11.8710,79.7390","11.8710,79.7390",CONSENT TRACK
,VCV00011230/082021,8/22/2020 14:23,8/22/2020 17:02,8/22/2020 16:55,"LUCAS TVS LTD-PONDY,PONDY,PONDICHERRY","TVS 30 Feet Rd, TVS Industries, Korattur, Chennai, Tamil Nadu 600076, India","LUCAS TVS LTD-AMBATTUR,CHENNAI,TAMIL NADU",,"11.8720,79.6320","13.1020,80.1940",VAMOSYS
,VCV00011147/082021,8/22/2020 11:17,8/22/2020 16:17,8/22/2020 16:05,"LUCAS TVS LTD-PONDY,PONDY,PONDICHERRY","5th street, hot chips, 12th Main Rd, Opposite to, TVS Industries, Padi, Chennai, Tamil Nadu 600040, India","LUCAS TVS LTD-AMBATTUR,CHENNAI,TAMIL NADU",,"11.8720,79.6320","13.1020,80.1940",VAMOSYS
,VCV00009810/082021,8/20/2020 11:19,8/22/2020 14:16,8/22/2020 14:10,"DAIMLER INDIA COMMERCIAL VEHICLES,KANCHIPURAM,TAMIL NADU","Unnamed Road, Oragadam Industrial Corridor, Vattambakkam R.F., Tamil Nadu 631605, India","DAIMLER INDIA COMMERCIAL VEHICLES,KANCHIPURAM,TAMIL NADU",,"12.8390,79.9540","12.8390,79.9540",VAMOSYS
,VCV00010980/082021,8/21/2020 19:15,8/22/2020 14:27,8/22/2020 13:40,"LUCAS TVS LTD-AMBATTUR,CHENNAI,TAMIL NADU","NH36, Pappanapattu, Tamil Nadu 605601, India","LUCAS TVS LTD-PONDY,PONDY,PONDICHERRY",,"13.1020,80.1940","11.8720,79.6320",VAMOSYS
,VCV00011006/082021,8/21/2020 20:31,8/22/2020 14:07,8/22/2020 13:40,"LUCAS TVS LTD-AMBATTUR,CHENNAI,TAMIL NADU","Unnamed Road, Thiruvandarkoil, Puducherry 605107, India","LUCAS TVS LTD-PONDY,PONDY,PONDICHERRY",,"13.1020,80.1940","11.8720,79.6320",VAMOSYS
,VCV00011096/082021,8/22/2020 4:45,8/22/2020 15:13,8/22/2020 11:55,"LUCAS TVS LTD-PONDY,PONDY,PONDICHERRY","Madukkarai Main Rd, Nettapakkam, Puducherry 605106, India","LUCAS TVS LTD-PONDY,PONDY,PONDICHERRY",,"11.8720,79.6320","13.1020,80.1940",VAMOSYS
,AEIBK2026475,8/18/2020 23:52,8/22/2020 12:21,8/22/2020 11:40,"Vellaripatti, Madurai, Tamil Nadu","Unnamed Road, Byathahalli, Karnataka 571311, India","Devalapura, Mysore, Karnataka",,"9.973636,78.281783","12.223062,76.690357",CONSENT TRACK
,MVCV0000961/082021,8/18/2020 14:52,8/22/2020 14:18,8/22/2020 5:05,"ASHOK LEYLAND ENNORE,CHENNAI,TAMIL NADU","Project Planning Department, Ashok leyland Ltd East land, Ennore Express Rd, Ashok Leyland Area, Ennore, Tamil Nadu 600057, India","ASHOK LEYLAND PLANT 2-HOSUR,HOSUR,KARNATAKA",,"13.2150,80.3200","12.7660,77.7860",CONSENT TRACK
,VCV00010978/082021,8/21/2020 19:12,8/22/2020 5:17,8/22/2020 5:10,"LUCAS TVS LTD-AMBATTUR,CHENNAI,TAMIL NADU","Madukkarai Main Rd, Nettapakkam, Puducherry 605106, India","LUCAS TVS LTD-PONDY,PONDY,PONDICHERRY",,"13.1020,80.1940","11.8720,79.6320",VAMOSYS
,VCV00010981/082021,8/21/2020 19:17,8/22/2020 5:02,8/22/2020 4:55,"LUCAS TVS LTD-AMBATTUR,CHENNAI,TAMIL NADU","Madukkarai Main Rd, Nettapakkam, Puducherry 605106, India","LUCAS TVS LTD-PONDY,PONDY,PONDICHERRY",,"13.1020,80.1940","11.8720,79.6320",VAMOSYS
,VCV00009622/082021,8/19/2020 22:22,8/22/2020 3:03,8/22/2020 2:55,"DAIMLER INDIA COMMERCIAL VEHICLES,KANCHIPURAM,TAMIL NADU","Perumalpattu - Kottamedu Rd, Oragadam Industrial Corridor, Vattambakkam R.F., Tamil Nadu 603204, India","DAIMLER INDIA COMMERCIAL VEHICLES,KANCHIPURAM,TAMIL NADU",,"12.8390,79.9540","12.8390,79.9540",VAMOSYS
,VCV00010946/082021,8/21/2020 17:50,8/22/2020 2:18,8/22/2020 2:10,"DAIMLER INDIA COMMERCIAL VEHICLES,KANCHIPURAM,TAMIL NADU","Perumalpattu - Kottamedu Rd, Oragadam Industrial Corridor, Vattambakkam R.F., Tamil Nadu 631605, India","DAIMLER INDIA COMMERCIAL VEHICLES,KANCHIPURAM,TAMIL NADU",,"12.8390,79.9540","12.8390,79.9540",VAMOSYS
,VCV00010987/082021,8/21/2020 19:46,8/22/2020 2:04,8/22/2020 1:50,"DAIMLER INDIA COMMERCIAL VEHICLES,KANCHIPURAM,TAMIL NADU","Perumalpattu - Kottamedu Rd, Oragadam Industrial Corridor, Vattambakkam R.F., Tamil Nadu 631605, India","DAIMLER INDIA COMMERCIAL VEHICLES,KANCHIPURAM,TAMIL NADU",,"12.8390,79.9540","12.8390,79.9540",VAMOSYS
,VCV00010140/082021,8/20/2020 14:57,8/22/2020 1:48,8/22/2020 1:35,"DAIMLER INDIA COMMERCIAL VEHICLES,KANCHIPURAM,TAMIL NADU","5, Renault Nissan Suppliers Park Rd, Oragadam Industrial Corridor, Vattambakkam R.F., Tamil Nadu 631605, India","DAIMLER INDIA COMMERCIAL VEHICLES,KANCHIPURAM,TAMIL NADU",,"12.8390,79.9540","12.8390,79.9540",VAMOSYS
,VCV00011069/082021,8/21/2020 23:42,8/22/2020 0:02,8/21/2020 21:30,"LUCAS TVS LTD-PONDY,PONDY,PONDICHERRY","5th street, hot chips, 12th Main Rd, Opposite to, TVS Industries, Padi, Chennai, Tamil Nadu 600040, India","LUCAS TVS LTD-AMBATTUR,CHENNAI,TAMIL NADU",,"11.8720,79.6320","13.1020,80.1940",CONSENT TRACK
,VCV00010813/082021,8/21/2020 13:42,8/21/2020 23:34,8/21/2020 23:25,"DAIMLER INDIA COMMERCIAL VEHICLES,KANCHIPURAM,TAMIL NADU","Singaperumal Koil - Sriperumbudur Rd, Oragadam Industrial Corridor, Vattambakkam R.F., Tamil Nadu 631605, India","DAIMLER INDIA COMMERCIAL VEHICLES,KANCHIPURAM,TAMIL NADU",,"12.8390,79.9540","12.8390,79.9540",VAMOSYS
,VCV00009790/082021,8/20/2020 11:12,8/21/2020 23:37,8/21/2020 23:15,"ASHOK LEYLAND ENNORE,CHENNAI,TAMIL NADU","18, Sipcot Ph 3rd Cross Rd, Sipcot Phase II Industrial Complex, Sipcot Ph 2, Moranapalli, Tamil Nadu 635109, India","ASHOK LEYLAND PLANT 2-HOSUR,HOSUR,KARNATAKA",,"13.2150,80.3200","12.7660,77.7860",CONSENT TRACK
,VCV00010477/082021,8/21/2020 0:49,8/21/2020 23:04,8/21/2020 22:55,"DAIMLER INDIA COMMERCIAL VEHICLES,KANCHIPURAM,TAMIL NADU","Singaperumal Koil - Sriperumbudur Rd, Oragadam Industrial Corridor, Vattambakkam R.F., Tamil Nadu 631605, India","DAIMLER INDIA COMMERCIAL VEHICLES,KANCHIPURAM,TAMIL NADU",,"12.8390,79.9540","12.8390,79.9540",VAMOSYS
,VCV00011029/082021,8/21/2020 21:36,8/21/2020 22:18,8/21/2020 22:05,"TURBO ENERGY LTD-PULIVALAM,VELLORE,TAMIL NADU","SH128, Pulivalam, Tamil Nadu 631102, India","TURBO ENERGY LTD-PULIVALAM,VELLORE,TAMIL NADU",,"13.0680,79.4440","13.0680,79.4440",VAMOSYS
,VCV00010071/082021,8/20/2020 14:21,8/21/2020 22:18,8/21/2020 22:05,"DAIMLER INDIA COMMERCIAL VEHICLES,KANCHIPURAM,TAMIL NADU","5, Renault Nissan Suppliers Park Rd, Oragadam Industrial Corridor, Vattambakkam R.F., Tamil Nadu 631605, India","DAIMLER INDIA COMMERCIAL VEHICLES,KANCHIPURAM,TAMIL NADU",,"12.8390,79.9540","12.8390,79.9540",VAMOSYS
,VCV00010944/082021,8/21/2020 17:42,8/21/2020 22:37,8/21/2020 21:55,"DAIMLER INDIA COMMERCIAL VEHICLES,KANCHIPURAM,TAMIL NADU","Kerryindev BTS Main Rd, Tamil Nadu 602109, India","DAIMLER INDIA COMMERCIAL VEHICLES,KANCHIPURAM,TAMIL NADU",,"12.8390,79.9540","12.8390,79.9540",VAMOSYS
,VCV00010894/082021,8/21/2020 15:36,8/21/2020 22:03,8/21/2020 21:55,"DAIMLER INDIA COMMERCIAL VEHICLES,KANCHIPURAM,TAMIL NADU","Perumalpattu - Kottamedu Rd, Oragadam Industrial Corridor, Vattambakkam R.F., Tamil Nadu 631605, India","DAIMLER INDIA COMMERCIAL VEHICLES,KANCHIPURAM,TAMIL NADU",,"12.8390,79.9540","12.8390,79.9540",VAMOSYS
,VCV00010871/082021,8/21/2020 14:47,8/21/2020 21:49,8/21/2020 21:40,"DAIMLER INDIA COMMERCIAL VEHICLES,KANCHIPURAM,TAMIL NADU","Singaperumal Koil - Sriperumbudur Rd, Oragadam Industrial Corridor, Vattambakkam R.F., Tamil Nadu 631605, India","DAIMLER INDIA COMMERCIAL VEHICLES,KANCHIPURAM,TAMIL NADU",,"12.8390,79.9540","12.8390,79.9540",VAMOSYS
,AEIBK2026249,8/18/2020 17:48,8/21/2020 22:43,8/21/2020 21:05,"Vellaripatti, Madurai, Tamil Nadu","Unnamed Road, Karnataka 571314, India","Devalapura, Mysore, Karnataka",,"9.973636,78.281783","12.223062,76.690357",CONSENT TRACK
,VCV00010454/082021,8/20/2020 21:45,8/21/2020 23:43,8/21/2020 20:15,"LUCAS TVS LTD-PONDY,PONDY,PONDICHERRY","Madukkarai Main Rd, Nettapakkam, Puducherry 605106, India","LUCAS TVS LTD-PONDY,PONDY,PONDICHERRY",,"11.8720,79.6320","13.1020,80.1940",VAMOSYS
,VCV00010478/082021,8/21/2020 1:02,8/21/2020 20:33,8/21/2020 20:15,"DAIMLER INDIA COMMERCIAL VEHICLES,KANCHIPURAM,TAMIL NADU","Singaperumal Koil - Sriperumbudur Rd, Oragadam Industrial Corridor, Vattambakkam R.F., Tamil Nadu 631605, India","DAIMLER INDIA COMMERCIAL VEHICLES,KANCHIPURAM,TAMIL NADU",,"12.8390,79.9540","12.8390,79.9540",VAMOSYS
,AEIBK2025631,8/11/2020 21:35,8/21/2020 20:43,8/21/2020 19:15,"Vellaripatti, Madurai, Tamil Nadu","Sinduvalli Cross, Madaragalli, Karnataka 571311, India","Devalapura, Mysore, Karnataka",,"9.973636,78.281783","12.223062,76.690357",CONSENT TRACK
,VCV00010897/082021,8/21/2020 15:33,8/21/2020 20:03,8/21/2020 19:50,"LUCAS TVS LTD-PONDY,PONDY,PONDICHERRY","5th street, hot chips, 12th Main Rd, Opposite to, TVS Industries, Padi, Chennai, Tamil Nadu 600040, India","LUCAS TVS LTD-AMBATTUR,CHENNAI,TAMIL NADU",,"11.8720,79.6320","13.1020,80.1940",VAMOSYS
,VCV00010815/082021,8/21/2020 13:44,8/21/2020 20:02,8/21/2020 19:50,"DAIMLER INDIA COMMERCIAL VEHICLES,KANCHIPURAM,TAMIL NADU","Unnamed Road, Oragadam Industrial Corridor, Oragaram, Tamil Nadu 631605, India","DAIMLER INDIA COMMERCIAL VEHICLES,KANCHIPURAM,TAMIL NADU",,"12.8390,79.9540","12.8390,79.9540",VAMOSYS
,VCV00010716/082021,8/21/2020 10:58,8/21/2020 20:05,8/21/2020 19:50,"DAIMLER INDIA COMMERCIAL VEHICLES,KANCHIPURAM,TAMIL NADU","Singaperumal Koil - Sriperumbudur Rd, Oragadam Industrial Corridor, Vattambakkam R.F., Tamil Nadu 631605, India","DAIMLER INDIA COMMERCIAL VEHICLES,KANCHIPURAM,TAMIL NADU",,"12.8390,79.9540","12.8390,79.9540",VAMOSYS
,VCV00010245/082021,8/20/2020 16:01,8/21/2020 22:49,8/21/2020 19:25,"LUCAS TVS LTD-AMBATTUR,CHENNAI,TAMIL NADU","TVS 30 Feet Rd, TVS Industries, Korattur, Chennai, Tamil Nadu 600076, India","LUCAS TVS LTD-PONDY,PONDY,PONDICHERRY",,"13.1020,80.1940","11.8720,79.6320",VAMOSYS
,VCV00010720/082021,8/21/2020 11:09,8/21/2020 18:50,8/21/2020 18:40,"DAIMLER INDIA COMMERCIAL VEHICLES,KANCHIPURAM,TAMIL NADU","Perumalpattu - Kottamedu Rd, Oragadam Industrial Corridor, Vaipoor, Tamil Nadu 631605, India","DAIMLER INDIA COMMERCIAL VEHICLES,KANCHIPURAM,TAMIL NADU",,"12.8390,79.9540","12.8390,79.9540",VAMOSYS
,VCV00010820/082021,8/21/2020 13:57,8/21/2020 18:02,8/21/2020 17:55,"LUCAS TVS LTD-PONDY,PONDY,PONDICHERRY","5th street, hot chips, 12th Main Rd, Opposite to, TVS Industries, Padi, Chennai, Tamil Nadu 600040, India","LUCAS TVS LTD-AMBATTUR,CHENNAI,TAMIL NADU",,"11.8720,79.6320","13.1020,80.1940",VAMOSYS
,VCV00010797/082021,8/21/2020 13:06,8/21/2020 17:55,8/21/2020 17:40,"LUCAS TVS LTD-PONDY,PONDY,PONDICHERRY","No-45, Ashoka Nagar St, near MMDA colony, Sri Sakthi Nagar, Arumbakkam, Chennai, Tamil Nadu 600106, India","LUCAS TVS LTD-PONDY,PONDY,PONDICHERRY",,"11.8720,79.6320","13.1020,80.1940",VAMOSYS
,VCV00010322/082021,8/20/2020 17:24,8/21/2020 23:08,8/21/2020 17:00,"ASHOK LEYLAND PLANT 2-HOSUR,HOSUR,KARNATAKA","31, 2nd Streed, Sathiyavanimuthu Nagar, Ennore,Kathivkkam Chennai-57., Ashok Leyland Area, Chennai, Tamil Nadu 600057, India","ASHOK LEYLAND ENNORE,CHENNAI,TAMIL NADU",,"13.2150,80.3200","12.7260,77.8760",CONSENT TRACK
,VCV00010369/082021,8/20/2020 18:33,8/21/2020 17:18,8/21/2020 17:05,"DAIMLER INDIA COMMERCIAL VEHICLES,KANCHIPURAM,TAMIL NADU","Singaperumal Koil - Sriperumbudur Rd, Oragadam Industrial Corridor, Vattambakkam R.F., Tamil Nadu 631605, India","DAIMLER INDIA COMMERCIAL VEHICLES,KANCHIPURAM,TAMIL NADU",,"12.8390,79.9540","12.8390,79.9540",VAMOSYS
,VCV00010440/082021,8/20/2020 20:05,8/21/2020 17:17,8/21/2020 17:10,"DAIMLER INDIA COMMERCIAL VEHICLES,KANCHIPURAM,TAMIL NADU","Service Rd, Oragadam Industrial Corridor, Tamil Nadu 631605, India","DAIMLER INDIA COMMERCIAL VEHICLES,KANCHIPURAM,TAMIL NADU",,"12.8390,79.9540","12.8390,79.9540",KRC LOGISTICS
,VCV00009680/082021,8/20/2020 8:48,8/21/2020 17:18,8/21/2020 17:05,"DAIMLER INDIA COMMERCIAL VEHICLES,KANCHIPURAM,TAMIL NADU","Singaperumal Koil - Sriperumbudur Rd, Oragadam Industrial Corridor, Vattambakkam R.F., Tamil Nadu 631605, India","DAIMLER INDIA COMMERCIAL VEHICLES,KANCHIPURAM,TAMIL NADU",,"12.8390,79.9540","12.8390,79.9540",VAMOSYS
,VCV00010416/082021,8/20/2020 19:18,8/21/2020 17:04,8/21/2020 16:55,"DAIMLER INDIA COMMERCIAL VEHICLES,KANCHIPURAM,TAMIL NADU","5, Renault Nissan Suppliers Park Rd, Oragadam Industrial Corridor, Vattambakkam R.F., Tamil Nadu 631605, India","DAIMLER INDIA COMMERCIAL VEHICLES,KANCHIPURAM,TAMIL NADU",,"12.8390,79.9540","12.8390,79.9540",VAMOSYS
,VCV00010427/082021,8/20/2020 19:36,8/21/2020 16:33,8/21/2020 16:20,"DAIMLER INDIA COMMERCIAL VEHICLES,KANCHIPURAM,TAMIL NADU","Singaperumal Koil - Sriperumbudur Rd, Oragadam Industrial Corridor, Vattambakkam R.F., Tamil Nadu 631605, India","DAIMLER INDIA COMMERCIAL VEHICLES,KANCHIPURAM,TAMIL NADU",,"12.8390,79.9540","12.8390,79.9540",VAMOSYS
,VCV00010321/082021,8/20/2020 17:24,8/21/2020 22:23,8/21/2020 16:15,"ASHOK LEYLAND PLANT 2-HOSUR,HOSUR,KARNATAKA","Ashok Leyland Ltd, 7, Ennore Express Rd, Ashok Leyland Area, Ennore, Tamil Nadu 600057, India","ASHOK LEYLAND ENNORE,CHENNAI,TAMIL NADU",,"13.2150,80.3200","12.7260,77.8760",CONSENT TRACK
,VCV00010475/082021,8/21/2020 0:39,8/21/2020 16:18,8/21/2020 16:10,"DAIMLER INDIA COMMERCIAL VEHICLES,KANCHIPURAM,TAMIL NADU","Singaperumal Koil - Sriperumbudur Rd, Oragadam Industrial Corridor, Vattambakkam R.F., Tamil Nadu 631605, India","DAIMLER INDIA COMMERCIAL VEHICLES,KANCHIPURAM,TAMIL NADU",,"12.8390,79.9540","12.8390,79.9540",VAMOSYS
,VCV00010232/082021,8/20/2020 15:51,8/21/2020 15:48,8/21/2020 15:40,"ASHOK LEYLAND PLANT 2-HOSUR,HOSUR,KARNATAKA","No 74 , Sadagopa Bhavanam , Rajaji Street, Kathirvedu, Valluvar Nagar, Puzhal, Chennai, Tamil Nadu 600066, India","TVSLSL-PUZHAL-HUB,CHENNAI,TAMIL NADU",,"12.7510,77.8040","13.1550,80.1960",BEECON
,VCV00010890/082021,8/21/2020 15:30,8/21/2020 15:46,8/21/2020 15:40,"TVSLSL-PUZHAL-HUB,CHENNAI,TAMIL NADU","No 74 , Sadagopa Bhavanam , Rajaji Street, Kathirvedu, Valluvar Nagar, Puzhal, Chennai, Tamil Nadu 600066, India","TVSLSL-PUZHAL-HUB,CHENNAI,TAMIL NADU",,"13.1550,80.1970","13.1550,80.1970",NIMBLE
,VCV00009592/082021,8/19/2020 21:38,8/21/2020 15:31,8/21/2020 15:20,"DAIMLER INDIA COMMERCIAL VEHICLES,KANCHIPURAM,TAMIL NADU","Unnamed Road, Oragadam Industrial Corridor, Vattambakkam R.F., Tamil Nadu 631605, India","DAIMLER INDIA COMMERCIAL VEHICLES,KANCHIPURAM,TAMIL NADU",,"12.8390,79.9540","12.8390,79.9540",VAMOSYS
,VCV00010529/082021,8/21/2020 8:11,8/21/2020 15:33,8/21/2020 15:20,"DAIMLER INDIA COMMERCIAL VEHICLES,KANCHIPURAM,TAMIL NADU","Singaperumal Koil - Sriperumbudur Rd, Oragadam Industrial Corridor, Vattambakkam R.F., Tamil Nadu 631605, India","DAIMLER INDIA COMMERCIAL VEHICLES,KANCHIPURAM,TAMIL NADU",,"12.8390,79.9540","12.8390,79.9540",VAMOSYS
,VCV00009723/082021,8/20/2020 10:01,8/21/2020 15:16,8/21/2020 15:10,"DAIMLER INDIA COMMERCIAL VEHICLES,KANCHIPURAM,TAMIL NADU","Unnamed Road, Oragadam Industrial Corridor, Vattambakkam R.F., Tamil Nadu 631605, India","DAIMLER INDIA COMMERCIAL VEHICLES,KANCHIPURAM,TAMIL NADU",,"12.8390,79.9540","12.8390,79.9540",VAMOSYS
,VCV00009862/082021,8/20/2020 11:44,8/21/2020 15:16,8/21/2020 15:10,"DAIMLER INDIA COMMERCIAL VEHICLES,KANCHIPURAM,TAMIL NADU","Singaperumal Koil - Sriperumbudur Rd, Oragadam Industrial Corridor, Vattambakkam R.F., Tamil Nadu 631605, India","DAIMLER INDIA COMMERCIAL VEHICLES,KANCHIPURAM,TAMIL NADU",,"12.8390,79.9540","12.8390,79.9540",VAMOSYS
,MVCV0001226/082021,8/21/2020 9:49,8/21/2020 20:29,8/21/2020 13:25,"ASHOK LEYLAND PLANT 2-HOSUR,HOSUR,KARNATAKA","30, Sri Ranga Ave Main Rd, Surappattu, Kadirvedu, Tamil Nadu 600066, India","ASHOK LEYLAND ENNORE,CHENNAI,TAMIL NADU",,"13.2150,80.3200","12.7260,77.8760",CONSENT TRACK
,VCV00010845/082021,8/21/2020 14:24,8/21/2020 14:34,8/21/2020 14:20,"ASHOK LEYLAND PLANT 2-HOSUR,HOSUR,KARNATAKA","AH45, Kumudepalli, Moranapalli, Tamil Nadu 635109, India","ASHOK LEYLAND PLANT 2-HOSUR,HOSUR,KARNATAKA",,"12.7200,77.8170","12.7220,77.8700",VAMOSYS
,MVCV0000960/082021,8/18/2020 14:51,8/21/2020 14:54,8/18/2020 0:05,"ASHOK LEYLAND ENNORE,CHENNAI,TAMIL NADU","Dam Channel Road, Kumudepalli, Hosur, Tamil Nadu 635109, India","ASHOK LEYLAND PLANT 2-HOSUR,HOSUR,KARNATAKA",,"13.2150,80.3200","12.7660,77.7860",CONSENT TRACK
,VCV00010818/082021,8/21/2020 13:52,8/21/2020 14:37,8/21/2020 14:10,"ASHOK LEYLAND PLANT 2-HOSUR,HOSUR,KARNATAKA","Block no. 1 Survey no. 466,467,468,469, Plot no. 474, 485, Hosur - Thally Rd, near by Karnoor village, Tamil Nadu 635110, India","ASHOK LEYLAND PLANT 2-HOSUR,HOSUR,KARNATAKA",,"12.7200,77.8170","12.7220,77.8700",VAMOSYS
,VCV00010707/082021,8/21/2020 10:46,8/21/2020 13:27,8/21/2020 12:55,"ASHOK LEYLAND PLANT 2-HOSUR,HOSUR,KARNATAKA","Zuzuwadi Bus Stop, Zuzuvadi, Tamil Nadu 635126, India","ASHOK LEYLAND PLANT 2-HOSUR,HOSUR,KARNATAKA",,"12.7200,77.8170","12.7220,77.8700",VAMOSYS
,VCV00009990/082021,8/20/2020 13:49,8/21/2020 13:03,8/21/2020 12:55,"DAIMLER INDIA COMMERCIAL VEHICLES,KANCHIPURAM,TAMIL NADU","Singaperumal Koil - Sriperumbudur Rd, Oragadam Industrial Corridor, Vattambakkam R.F., Tamil Nadu 631605, India","DAIMLER INDIA COMMERCIAL VEHICLES,KANCHIPURAM,TAMIL NADU",,"12.8390,79.9540","12.8390,79.9540",VAMOSYS
,VCV00010081/082021,8/20/2020 14:25,8/21/2020 13:10,8/21/2020 12:55,"LUCAS TVS LTD-PONDY,PONDY,PONDICHERRY","6, Ashoka Nagar St, Kanna Bala Nagar, Ashoka Nagar, Sri Sakthi Nagar, Arumbakkam, Chennai, Tamil Nadu 600106, India","LUCAS TVS LTD-PONDY,PONDY,PONDICHERRY",,"11.8720,79.6320","13.1020,80.1940",VAMOSYS
,VCV00010129/082021,8/20/2020 14:53,8/21/2020 13:01,8/21/2020 12:55,"DAIMLER INDIA COMMERCIAL VEHICLES,KANCHIPURAM,TAMIL NADU","Unnamed Road, Oragadam Industrial Corridor, Vattambakkam R.F., Tamil Nadu 631605, India","DAIMLER INDIA COMMERCIAL VEHICLES,KANCHIPURAM,TAMIL NADU",,"12.8390,79.9540","12.8390,79.9540",VAMOSYS
,VCV00010482/082021,8/21/2020 1:29,8/21/2020 12:47,8/21/2020 12:40,"DAIMLER INDIA COMMERCIAL VEHICLES,KANCHIPURAM,TAMIL NADU","Unnamed Road, Oragadam Industrial Corridor, Oragaram, Tamil Nadu 631605, India","DAIMLER INDIA COMMERCIAL VEHICLES,KANCHIPURAM,TAMIL NADU",,"12.8390,79.9540","12.8390,79.9540",VAMOSYS
,VCV00010705/082021,8/21/2020 10:46,8/21/2020 12:53,8/21/2020 12:40,"ASHOK LEYLAND PLANT 2-HOSUR,HOSUR,KARNATAKA","1, NH 44, Kumudepalli, Moranapalli, Tamil Nadu 635109, India","ASHOK LEYLAND PLANT 2-HOSUR,HOSUR,KARNATAKA",,"12.7200,77.8170","12.7220,77.8700",VAMOSYS
,VCV00009648/082021,8/19/2020 23:40,8/21/2020 14:28,8/17/2020 20:35,"LUCAS TVS LTD-PONDY,PONDY,PONDICHERRY","Olakkur Bus Station, Nallathur, Tamil Nadu 604307, India","LUCAS TVS LTD-PONDY,PONDY,PONDICHERRY",,"11.8720,79.6320","13.1020,80.1940",CONSENT TRACK
,VCV00010768/082021,8/21/2020 12:10,8/21/2020 12:22,8/21/2020 12:00,"ASHOK LEYLAND PLANT 2-HOSUR,HOSUR,KARNATAKA","1, NH 44, Kumudepalli, Moranapalli, Tamil Nadu 635109, India","ASHOK LEYLAND PLANT 2-HOSUR,HOSUR,KARNATAKA",,"12.7200,77.8170","12.7220,77.8700",VAMOSYS
,VCV00010423/082021,8/20/2020 19:26,8/21/2020 12:37,8/21/2020 12:00,"LUCAS TVS LTD-AMBATTUR,CHENNAI,TAMIL NADU","Unnamed Road, Thiruvandarkoil, Puducherry 605107, India","LUCAS TVS LTD-PONDY,PONDY,PONDICHERRY",,"13.1020,80.1940","11.8720,79.6320",VAMOSYS
,VCV00010366/082021,8/20/2020 18:22,8/21/2020 12:35,8/21/2020 9:30,"LUCAS TVS LTD-AMBATTUR,CHENNAI,TAMIL NADU","Unnamed Road, Thiruvandarkoil, Puducherry 605107, India","LUCAS TVS LTD-PONDY,PONDY,PONDICHERRY",,"13.1020,80.1940","11.8720,79.6320",CONSENT TRACK
,VCV00007656/082021,8/17/2020 13:57,8/21/2020 13:13,8/21/2020 12:00,"PRAVEEN ENGINEERING INDUSTRIES,HOSUR,TAMIL NADU","Kailash & Co, NH16, Gummidipoondi, Tamil Nadu 601201, India","SRI DEVI POWDER COATING INDUSTRIES,CHENNAI,TAMIL NADU",,"12.7510,77.8040","13.2150,80.3200",BEECON
,VCV00010587/082021,8/21/2020 9:09,8/21/2020 14:44,8/21/2020 11:15,"LUCAS TVS LTD-PONDY,PONDY,PONDICHERRY","supreme nagar, Nettapakkam, Puducherry 605106, India","LUCAS TVS LTD-PONDY,PONDY,PONDICHERRY",,"11.8720,79.6320","13.1020,80.1940",CONSENT TRACK
,AEIBK2026436,8/19/2020 16:05,8/21/2020 11:38,8/20/2020 12:40,"Pozhal, Tiruvallur, Tamil Nadu","1st Cross, Old Krishanagiri Road, Hosur, Ram Nagar, Sanasandiram, Hosur, Tamil Nadu 635109, India","Mookandapalli, Krishnagiri, Tamil Nadu",,"13.165101,80.204244","12.746894,77.806168",CONSENT TRACK
,VCV00010076/082021,8/20/2020 14:24,8/21/2020 11:18,8/21/2020 11:10,"DAIMLER INDIA COMMERCIAL VEHICLES,KANCHIPURAM,TAMIL NADU","Perumalpattu - Kottamedu Rd, Oragadam Industrial Corridor, Vattambakkam R.F., Tamil Nadu 631605, India","DAIMLER INDIA COMMERCIAL VEHICLES,KANCHIPURAM,TAMIL NADU",,"12.8390,79.9540","12.8390,79.9540",VAMOSYS
,VCV00010709/082021,8/21/2020 10:46,8/21/2020 11:05,8/21/2020 10:55,"ASHOK LEYLAND PLANT 2-HOSUR,HOSUR,KARNATAKA","Unnamed Road, Sipcot Phase II Industrial Complex, Sipcot Ph 2, Hosur, Tamil Nadu 635109, India","ASHOK LEYLAND PLANT 2-HOSUR,HOSUR,KARNATAKA",,"12.7200,77.8170","12.7220,77.8700",VAMOSYS
,VCV00010448/082021,8/20/2020 20:56,8/21/2020 10:49,8/21/2020 10:25,"DAIMLER INDIA COMMERCIAL VEHICLES,KANCHIPURAM,TAMIL NADU","Perumalpattu - Kottamedu Rd, Oragadam Industrial Corridor, Vattambakkam R.F., Tamil Nadu 631605, India","DAIMLER INDIA COMMERCIAL VEHICLES,KANCHIPURAM,TAMIL NADU",,"12.8390,79.9540","12.8390,79.9540",VAMOSYS
,MVCV0001094/082021,8/20/2020 9:54,8/21/2020 11:06,8/21/2020 8:55,"ASHOK LEYLAND ENNORE,CHENNAI,TAMIL NADU","Unnamed Road, Tamil Nadu 635115, India","ASHOK LEYLAND PLANT 2-HOSUR,HOSUR,KARNATAKA",,"13.2150,80.3200","12.7660,77.7860",CONSENT TRACK
,VCV00010014/082021,8/20/2020 13:55,8/21/2020 9:46,8/18/2020 0:05,"ASHOK LEYLAND PLANT 2-HOSUR,HOSUR,KARNATAKA","Plat No.7,ESI Ring Rd, MGR Nagar, Mookondapalli, Hosur, Tamil Nadu 635126, India","ASHOK LEYLAND ENNORE,CHENNAI,TAMIL NADU",,"13.2150,80.3200","12.7260,77.8760",CONSENT TRACK
,VCV00010572/082021,8/21/2020 8:58,8/21/2020 9:09,8/21/2020 8:55,"TRACTORS & FARM EQUIPMENT LIMITED,KANCHIPURAM,TAMIL NADU","NH32, Maraimalai Nagar, Tamil Nadu 603209, India","TRACTORS & FARMS EQUIPMENTS LIMITED,KANCHIPURAM,TAMIL NADU",,"12.7770,80.0250","12.7780,80.0250",VAMOSYS
,VCV00009694/082021,8/20/2020 9:13,8/21/2020 8:53,8/21/2020 8:40,"TRACTORS & FARM EQUIPMENT LIMITED,KANCHIPURAM,TAMIL NADU","Chennai - Theni Hwy, Maraimalai Nagar, Tamil Nadu 603209, India","TRACTORS & FARMS EQUIPMENTS LIMITED,KANCHIPURAM,TAMIL NADU",,"12.7770,80.0250","12.7780,80.0250",VAMOSYS
,VCV00009695/082021,8/20/2020 9:13,8/21/2020 8:45,8/21/2020 8:40,"TRACTORS & FARM EQUIPMENT LIMITED,KANCHIPURAM,TAMIL NADU","PLOT NO 3, INDUSTRIAL AREA II - CMDA, MARAIMALAI NAGAR, Maraimalai Nagar, Tamil Nadu 603209, India","TRACTORS & FARMS EQUIPMENTS LIMITED,KANCHIPURAM,TAMIL NADU",,"12.7770,80.0250","12.7780,80.0250",VAMOSYS
,VCV00010167/082021,8/20/2020 15:12,8/21/2020 8:04,8/21/2020 7:55,"DAIMLER INDIA COMMERCIAL VEHICLES,KANCHIPURAM,TAMIL NADU","Singaperumal Koil - Sriperumbudur Rd, Oragadam Industrial Corridor, Vattambakkam R.F., Tamil Nadu 631605, India","DAIMLER INDIA COMMERCIAL VEHICLES,KANCHIPURAM,TAMIL NADU",,"12.8390,79.9540","12.8390,79.9540",VAMOSYS
,VCV00010490/082021,8/21/2020 2:05,8/21/2020 8:05,8/21/2020 7:55,"DAIMLER INDIA COMMERCIAL VEHICLES,KANCHIPURAM,TAMIL NADU","Perumalpattu - Kottamedu Rd, Oragadam Industrial Corridor, Vattambakkam R.F., Tamil Nadu 631605, India","DAIMLER INDIA COMMERCIAL VEHICLES,KANCHIPURAM,TAMIL NADU",,"12.8390,79.9540","12.8390,79.9540",VAMOSYS
,VCV00010469/082021,8/20/2020 23:21,8/21/2020 6:31,8/21/2020 6:20,"LUCAS TVS LTD-PONDY,PONDY,PONDICHERRY","66, 6th Cross St, TVS Industries, Padi, Chennai, Tamil Nadu 600050, India","LUCAS TVS LTD-AMBATTUR,CHENNAI,TAMIL NADU",,"11.8720,79.6320","13.1020,80.1940",VAMOSYS
,VCV00010472/082021,8/20/2020 23:51,8/21/2020 6:02,8/21/2020 5:55,"LUCAS TVS LTD-PONDY,PONDY,PONDICHERRY","5th street, hot chips, 12th Main Rd, Opposite to, TVS Industries, Padi, Chennai, Tamil Nadu 600040, India","LUCAS TVS LTD-AMBATTUR,CHENNAI,TAMIL NADU",,"11.8720,79.6320","13.1020,80.1940",VAMOSYS
,VCV00010473/082021,8/21/2020 0:21,8/21/2020 5:19,8/21/2020 5:10,"DAIMLER INDIA COMMERCIAL VEHICLES,KANCHIPURAM,TAMIL NADU","Singaperumal Koil - Sriperumbudur Rd, Oragadam Industrial Corridor, Vattambakkam R.F., Tamil Nadu 631605, India","DAIMLER INDIA COMMERCIAL VEHICLES,KANCHIPURAM,TAMIL NADU",,"12.8390,79.9540","12.8390,79.9540",VAMOSYS
,VCV00010395/082021,8/20/2020 18:52,8/21/2020 3:02,8/21/2020 2:55,"LUCAS TVS LTD-AMBATTUR,CHENNAI,TAMIL NADU","Madukkarai Main Rd, Nettapakkam, Puducherry 605106, India","LUCAS TVS LTD-PONDY,PONDY,PONDICHERRY",,"13.1020,80.1940","11.8720,79.6320",VAMOSYS
,VCV00010449/082021,8/20/2020 20:57,8/21/2020 2:05,8/21/2020 1:50,"DAIMLER INDIA COMMERCIAL VEHICLES,KANCHIPURAM,TAMIL NADU","Perumalpattu - Kottamedu Rd, Oragadam Industrial Corridor, Vattambakkam R.F., Tamil Nadu 631605, India","DAIMLER INDIA COMMERCIAL VEHICLES,KANCHIPURAM,TAMIL NADU",,"12.8390,79.9540","12.8390,79.9540",VAMOSYS
,VCV00010035/082021,8/20/2020 14:08,8/21/2020 1:16,8/21/2020 1:10,"DAIMLER INDIA COMMERCIAL VEHICLES,KANCHIPURAM,TAMIL NADU","Unnamed Road, Oragadam Industrial Corridor, Oragaram, Tamil Nadu 631605, India","DAIMLER INDIA COMMERCIAL VEHICLES,KANCHIPURAM,TAMIL NADU",,"12.8390,79.9540","12.8390,79.9540",VAMOSYS
,VCV00009659/082021,8/20/2020 2:01,8/21/2020 0:48,8/21/2020 0:40,"DAIMLER INDIA COMMERCIAL VEHICLES,KANCHIPURAM,TAMIL NADU","Singaperumal Koil - Sriperumbudur Rd, Oragadam Industrial Corridor, Vattambakkam R.F., Tamil Nadu 631605, India","DAIMLER INDIA COMMERCIAL VEHICLES,KANCHIPURAM,TAMIL NADU",,"12.8390,79.9540","12.8390,79.9540",VAMOSYS
,VCV00009658/082021,8/20/2020 1:53,8/21/2020 0:48,8/21/2020 0:40,"DAIMLER INDIA COMMERCIAL VEHICLES,KANCHIPURAM,TAMIL NADU","Perumalpattu - Kottamedu Rd, Oragadam Industrial Corridor, Vattambakkam R.F., Tamil Nadu 631605, India","DAIMLER INDIA COMMERCIAL VEHICLES,KANCHIPURAM,TAMIL NADU",,"12.8390,79.9540","12.8390,79.9540",VAMOSYS
,VCV00010436/082021,8/20/2020 19:54,8/21/2020 0:35,8/21/2020 0:25,"DAIMLER INDIA COMMERCIAL VEHICLES,KANCHIPURAM,TAMIL NADU","Singaperumal Koil - Sriperumbudur Rd, Oragadam Industrial Corridor, Vattambakkam R.F., Tamil Nadu 631605, India","DAIMLER INDIA COMMERCIAL VEHICLES,KANCHIPURAM,TAMIL NADU",,"12.8390,79.9540","12.8390,79.9540",VAMOSYS
,VCV00010437/082021,8/20/2020 19:56,8/20/2020 23:49,8/20/2020 23:40,"DAIMLER INDIA COMMERCIAL VEHICLES,KANCHIPURAM,TAMIL NADU","Perumalpattu - Kottamedu Rd, Oragadam Industrial Corridor, Vattambakkam R.F., Tamil Nadu 631605, India","DAIMLER INDIA COMMERCIAL VEHICLES,KANCHIPURAM,TAMIL NADU",,"12.8390,79.9540","12.8390,79.9540",VAMOSYS
,VCV00010243/082021,8/20/2020 15:58,8/20/2020 23:22,8/20/2020 23:10,"LUCAS TVS LTD-AMBATTUR,CHENNAI,TAMIL NADU","Eripakkam Commune, Nettapakkam, Puducherry 605106, India","LUCAS TVS LTD-PONDY,PONDY,PONDICHERRY",,"13.1020,80.1940","11.8720,79.6320",VAMOSYS
,VCV00009560/082021,8/19/2020 21:09,8/20/2020 21:56,8/20/2020 20:55,"LUCAS TVS LTD-PONDY,PONDY,PONDICHERRY","Molapakkam Rd, Kariyamanikkam, Puducherry 605106, India","LUCAS TVS LTD-PONDY,PONDY,PONDICHERRY",,"11.8710,79.7390","11.8710,79.7390",CONSENT TRACK
,VCV00010009/082021,8/20/2020 13:56,8/20/2020 20:49,8/20/2020 20:40,"DAIMLER INDIA COMMERCIAL VEHICLES,KANCHIPURAM,TAMIL NADU","Perumalpattu - Kottamedu Rd, Oragadam Industrial Corridor, Vattambakkam R.F., Tamil Nadu 631605, India","DAIMLER INDIA COMMERCIAL VEHICLES,KANCHIPURAM,TAMIL NADU",,"12.8390,79.9540","12.8390,79.9540",VAMOSYS
,VCV00010362/082021,8/20/2020 18:15,8/20/2020 20:04,8/20/2020 19:55,"DAIMLER INDIA COMMERCIAL VEHICLES,KANCHIPURAM,TAMIL NADU","Singaperumal Koil - Sriperumbudur Rd, Oragadam Industrial Corridor, Vattambakkam R.F., Tamil Nadu 631605, India","DAIMLER INDIA COMMERCIAL VEHICLES,KANCHIPURAM,TAMIL NADU",,"12.8390,79.9540","12.8390,79.9540",VAMOSYS
,MVCV0001098/082021,8/20/2020 10:01,8/21/2020 1:33,8/17/2020 20:05,"TVS MOTOR COMPANY-HOSUR,Hosur,TAMIL NADU","Unnamed Road, Amritha, Hosur, Tamil Nadu 635126, India","TVSLSL-PUZHAL-HUB,CHENNAI,TAMIL NADU",,"12.6740,77.7670","13.1550,80.1960",CONSENT TRACK
,VCV00009042/082021,8/19/2020 14:55,8/20/2020 19:49,8/20/2020 19:40,"DAIMLER INDIA COMMERCIAL VEHICLES,KANCHIPURAM,TAMIL NADU","SH 57, Oragadam Industrial Corridor, Panapakkam, Tamil Nadu 631605, India","DAIMLER INDIA COMMERCIAL VEHICLES,KANCHIPURAM,TAMIL NADU",,"12.8390,79.9540","12.8390,79.9540",VAMOSYS
,VCV00010078/082021,8/20/2020 14:25,8/20/2020 22:01,8/20/2020 18:55,"LUCAS TVS LTD-PONDY,PONDY,PONDICHERRY","Madugarai Rd, Madagadipet, Puducherry 605108, India","LUCAS TVS LTD-PONDY,PONDY,PONDICHERRY",,"11.8720,79.6320","13.1020,80.1940",VAMOSYS
,VCV00008910/082021,8/19/2020 12:38,8/20/2020 18:49,8/20/2020 18:35,"DAIMLER INDIA COMMERCIAL VEHICLES,KANCHIPURAM,TAMIL NADU","5, Renault Nissan Suppliers Park Rd, Oragadam Industrial Corridor, Vattambakkam R.F., Tamil Nadu 631605, India","DAIMLER INDIA COMMERCIAL VEHICLES,KANCHIPURAM,TAMIL NADU",,"12.8390,79.9540","12.8390,79.9540",VAMOSYS
,VCV00010357/082021,8/20/2020 18:09,8/20/2020 18:32,8/20/2020 18:25,"DAIMLER INDIA COMMERCIAL VEHICLES,KANCHIPURAM,TAMIL NADU","Unnamed Road, Oragadam Industrial Corridor, Oragaram, Tamil Nadu 631605, India","DAIMLER INDIA COMMERCIAL VEHICLES,KANCHIPURAM,TAMIL NADU",,"12.8390,79.9540","12.8390,79.9540",VAMOSYS
,VCV00009940/082021,8/20/2020 13:21,8/20/2020 18:17,8/20/2020 18:10,"LUCAS TVS LTD-PONDY,PONDY,PONDICHERRY","5th street, hot chips, 12th Main Rd, Opposite to, TVS Industries, Padi, Chennai, Tamil Nadu 600040, India","LUCAS TVS LTD-AMBATTUR,CHENNAI,TAMIL NADU",,"11.8720,79.6320","13.1020,80.1940",VAMOSYS
,AEIBK2026676,8/20/2020 18:04,8/20/2020 23:19,8/20/2020 18:10,"Mookandapalli, Krishnagiri, Tamil Nadu","NH 48, Sipcot Ph. I, Mookondapalli, Tamil Nadu 635126, India","Athipattu, Tiruvallur, Tamil Nadu",,"12.746894,77.806168","13.092058,80.156813",BALLY LOGISTICS
,VCV00010297/082021,8/20/2020 17:02,8/20/2020 17:20,8/20/2020 17:10,"ASHOK LEYLAND PLANT 2-HOSUR,HOSUR,KARNATAKA","Unnamed Road, Sipcot Phase II Industrial Complex, Sipcot Ph 2, Hosur, Tamil Nadu 635109, India","ASHOK LEYLAND PLANT 2-HOSUR,HOSUR,KARNATAKA",,"12.7200,77.8170","12.7220,77.8700",VAMOSYS
,VCV00010300/082021,8/20/2020 17:02,8/20/2020 17:20,8/20/2020 17:10,"ASHOK LEYLAND PLANT 2-HOSUR,HOSUR,KARNATAKA","Unnamed Road, Sipcot Phase II Industrial Complex, Sipcot Ph 2, Hosur, Tamil Nadu 635109, India","ASHOK LEYLAND PLANT 2-HOSUR,HOSUR,KARNATAKA",,"12.7200,77.8170","12.7220,77.8700",VAMOSYS
,VCV00009757/082021,8/20/2020 10:54,8/20/2020 17:23,8/20/2020 16:05,"ASHOK LEYLAND ENNORE,CHENNAI,TAMIL NADU","Unnamed Road, Sipcot Ph. I, Hosur, Tamil Nadu 635126, India","ASHOK LEYLAND PLANT 1- HOSUR,HOSUR,KARNATAKA",,"13.2150,80.3200","12.7660,77.7860",CONSENT TRACK
,AEIBK2025860,8/19/2020 10:09,8/20/2020 17:36,8/17/2020 0:05,"Ramamurthy Nagar, Bangalore, Karnataka","Old Madras Rd, Hosabasavanapura, Krishnarajapura, Bengaluru, Karnataka 560049, India","Sahakaranagar P.O, Bangalore, Karnataka",,"13.007503209603689,77.665098855934886","13.0631,77.590597",CONSENT TRACK
,VCV00006898/082021,8/14/2020 22:04,8/20/2020 16:47,8/20/2020 16:40,"DAIMLER INDIA COMMERCIAL VEHICLES,KANCHIPURAM,TAMIL NADU","Service Rd, Oragadam Industrial Corridor, Tamil Nadu 631605, India","DAIMLER INDIA COMMERCIAL VEHICLES,KANCHIPURAM,TAMIL NADU",,"12.8390,79.9540","12.8390,79.9540",KRC LOGISTICS
,VCV00009728/082021,8/20/2020 10:14,8/20/2020 16:33,8/20/2020 16:20,"DAIMLER INDIA COMMERCIAL VEHICLES,KANCHIPURAM,TAMIL NADU","Perumalpattu - Kottamedu Rd, Oragadam Industrial Corridor, Vattambakkam R.F., Tamil Nadu 631605, India","DAIMLER INDIA COMMERCIAL VEHICLES,KANCHIPURAM,TAMIL NADU",,"12.8390,79.9540","12.8390,79.9540",VAMOSYS
,AEIBK2026663,8/20/2020 16:19,8/20/2020 20:40,8/20/2020 15:50,"Mookandapalli, Krishnagiri, Tamil Nadu","Krishnagiri, Thiruvalluvar Nagar, Tamil Nadu 635001, India","Athipattu, Tiruvallur, Tamil Nadu",,"12.746894,77.806168","13.092058,80.156813",BALLY LOGISTICS
,MVCV0001096/082021,8/20/2020 9:59,8/20/2020 21:38,8/20/2020 13:30,"ASHOK LEYLAND ENNORE,CHENNAI,TAMIL NADU","210, Apollo Armstrong Nagar, Mathur, Tamil Nadu 600051, India","ASHOK LEYLAND PLANT 2-HOSUR,HOSUR,KARNATAKA",,"13.2150,80.3200","12.7660,77.7860",CONSENT TRACK
,VCV00010173/082021,8/20/2020 15:10,8/20/2020 18:23,8/20/2020 15:55,"LUCAS TVS LTD-PONDY,PONDY,PONDICHERRY","Chennai - Theni Hwy, Sithanni, Tamil Nadu 605652, India","LUCAS TVS LTD-AMBATTUR,CHENNAI,TAMIL NADU",,"11.8720,79.6320","13.1020,80.1940",VAMOSYS
,VCV00010214/082021,8/20/2020 15:34,8/20/2020 15:50,8/20/2020 15:35,"ASHOK LEYLAND PLANT 2-HOSUR,HOSUR,KARNATAKA","Unnamed Road, Sipcot Phase II Industrial Complex, Sipcot Ph 2, Hosur, Tamil Nadu 635109, India","ASHOK LEYLAND PLANT 2-HOSUR,HOSUR,KARNATAKA",,"12.7200,77.8170","12.7220,77.8700",VAMOSYS
,VCV00010216/082021,8/20/2020 15:34,8/20/2020 16:00,8/20/2020 15:35,"ASHOK LEYLAND PLANT 2-HOSUR,HOSUR,KARNATAKA","2nd Cross Rd, Sakthivel Nagar, Maruthi Nagar, Hosur, Tamil Nadu 635126, India","ASHOK LEYLAND PLANT 2-HOSUR,HOSUR,KARNATAKA",,"12.7200,77.8170","12.7220,77.8700",VAMOSYS
,VCV00010203/082021,8/20/2020 15:24,8/20/2020 15:57,8/20/2020 15:35,"ASHOK LEYLAND PLANT 2-HOSUR,HOSUR,KARNATAKA","Brahmma Hills Road, Gokul Nagar, Hosur, Tamil Nadu 635109, India","ASHOK LEYLAND PLANT 2-HOSUR,HOSUR,KARNATAKA",,"12.7200,77.8170","12.7220,77.8700",VAMOSYS
,VCV00008832/082021,8/19/2020 11:03,8/20/2020 20:58,8/20/2020 15:40,"ASHOK LEYLAND PLANT 2-HOSUR,HOSUR,KARNATAKA","Unnamed Road, Sipcot Phase II Industrial Complex, Sipcot Ph 2, Hosur, Tamil Nadu 635109, India","TVSLSL-PUZHAL-HUB,CHENNAI,TAMIL NADU",,"12.7510,77.8040","13.1550,80.1960",BEECON
,VCV00008504/082021,8/18/2020 17:13,8/20/2020 20:56,8/20/2020 14:00,"ASHOK LEYLAND PLANT 2-HOSUR,HOSUR,KARNATAKA","Tippalam Rd, Sri Venketeswara Colony, Kumudepalli, Moranapalli, Tamil Nadu 635109, India","TVSLSL-PUZHAL-HUB,CHENNAI,TAMIL NADU",,"12.7510,77.8040","13.1550,80.1960",CONSENT TRACK
,VCV00010187/082021,8/20/2020 15:21,8/20/2020 15:42,8/20/2020 15:25,"ASHOK LEYLAND PLANT 2-HOSUR,HOSUR,KARNATAKA","54, Sipcot Ph. I, Hosur, Tamil Nadu 635126, India","ASHOK LEYLAND PLANT 2-HOSUR,HOSUR,KARNATAKA",,"12.7200,77.8170","12.7220,77.8700",VAMOSYS
,VCV00009679/082021,8/20/2020 8:43,8/20/2020 15:04,8/20/2020 14:55,"DAIMLER INDIA COMMERCIAL VEHICLES,KANCHIPURAM,TAMIL NADU","SH 57, Oragadam Industrial Corridor, Panapakkam, Tamil Nadu 631605, India","DAIMLER INDIA COMMERCIAL VEHICLES,KANCHIPURAM,TAMIL NADU",,"12.8390,79.9540","12.8390,79.9540",VAMOSYS
,VCV00009034/082021,8/19/2020 14:46,8/20/2020 20:11,8/18/2020 13:05,"ASHOK LEYLAND PLANT 2-HOSUR,HOSUR,KARNATAKA","NH Service Rd, Kumudepalli, Hosur, Tamil Nadu 635109, India","TVSLSL-PUZHAL-HUB,CHENNAI,TAMIL NADU",,"12.7510,77.8040","13.1550,80.1960",CONSENT TRACK
,VCV00010095/082021,8/20/2020 14:36,8/20/2020 16:19,8/20/2020 14:35,"ASHOK LEYLAND PLANT 2-HOSUR,HOSUR,KARNATAKA","PLOT 32/A, KIADB Industrial Area, HOSKOTE, Chokkahalli, Karnataka 562114, India","ASHOK LEYLAND PLANT 2-HOSUR,HOSUR,KARNATAKA",,"12.7200,77.8170","12.7220,77.8700",VAMOSYS
,VCV00010097/082021,8/20/2020 14:38,8/20/2020 14:50,8/20/2020 14:35,"ASHOK LEYLAND PLANT 2-HOSUR,HOSUR,KARNATAKA","No:42/2B, Vallalar Nagar,Opp to Ashok Leyland Unit 2, Sipcot Phase II Industrial Complex, Sipcot Ph 2, Hosur, Tamil Nadu 635109, India","ASHOK LEYLAND PLANT 2-HOSUR,HOSUR,KARNATAKA",,"12.7200,77.8170","12.7220,77.8700",VAMOSYS
,VCV00010102/082021,8/20/2020 14:40,8/20/2020 14:49,8/20/2020 14:35,"ASHOK LEYLAND PLANT 2-HOSUR,HOSUR,KARNATAKA","Unnamed Road, Sipcot Phase II Industrial Complex, Sipcot Ph 2, Hosur, Tamil Nadu 635109, India","ASHOK LEYLAND PLANT 2-HOSUR,HOSUR,KARNATAKA",,"12.7200,77.8170","12.7220,77.8700",VAMOSYS
,VCV00010029/082021,8/20/2020 14:04,8/20/2020 14:19,8/20/2020 13:55,"DAIMLER INDIA COMMERCIAL VEHICLES,KANCHIPURAM,TAMIL NADU","Perumalpattu - Kottamedu Rd, Oragadam Industrial Corridor, Vattambakkam R.F., Tamil Nadu 631605, India","DAIMLER INDIA COMMERCIAL VEHICLES,KANCHIPURAM,TAMIL NADU",,"12.8390,79.9540","12.8390,79.9540",VAMOSYS
,VCV00009664/082021,8/20/2020 6:26,8/20/2020 17:22,8/20/2020 13:55,"LUCAS TVS LTD-PONDY,PONDY,PONDICHERRY","57, Guindy Kathipara Bridge, Guindy Industrial Estate, SIDCO Industrial Estate, Guindy, Chennai, Tamil Nadu 600032, India","LUCAS TVS LTD-PONDY,PONDY,PONDICHERRY",,"11.8710,79.7390","11.8710,79.7390",VAMOSYS
,VCV00009368/082021,8/19/2020 18:56,8/20/2020 14:37,8/20/2020 13:55,"LUCAS TVS LTD-AMBATTUR,CHENNAI,TAMIL NADU","Unnamed Road, Thiruvandarkoil, Puducherry 605107, India","LUCAS TVS LTD-PONDY,PONDY,PONDICHERRY",,"13.1020,80.1940","11.8720,79.6320",VAMOSYS
,VCV00009207/082021,8/19/2020 17:42,8/20/2020 14:01,8/20/2020 13:55,"DAIMLER INDIA COMMERCIAL VEHICLES,KANCHIPURAM,TAMIL NADU","Unnamed Road, Oragadam Industrial Corridor, Vattambakkam R.F., Tamil Nadu 631605, India","DAIMLER INDIA COMMERCIAL VEHICLES,KANCHIPURAM,TAMIL NADU",,"12.8390,79.9540","12.8390,79.9540",VAMOSYS
,VCV00009657/082021,8/20/2020 1:47,8/20/2020 14:03,8/20/2020 13:55,"DAIMLER INDIA COMMERCIAL VEHICLES,KANCHIPURAM,TAMIL NADU","Perumalpattu - Kottamedu Rd, Oragadam Industrial Corridor, Vattambakkam R.F., Tamil Nadu 631605, India","DAIMLER INDIA COMMERCIAL VEHICLES,KANCHIPURAM,TAMIL NADU",,"12.8390,79.9540","12.8390,79.9540",VAMOSYS
,VCV00009729/082021,8/20/2020 10:10,8/20/2020 13:54,8/18/2020 0:05,"ASHOK LEYLAND ENNORE,CHENNAI,TAMIL NADU","Plat No.7,ESI Ring Rd, MGR Nagar, Mookondapalli, Hosur, Tamil Nadu 635126, India","ASHOK LEYLAND PLANT 1- HOSUR,HOSUR,KARNATAKA",,"13.2150,80.3200","12.7660,77.7860",CONSENT TRACK
,VCV00009647/082021,8/19/2020 23:30,8/20/2020 13:01,8/20/2020 12:50,"DAIMLER INDIA COMMERCIAL VEHICLES,KANCHIPURAM,TAMIL NADU","Unnamed Road, Oragadam Industrial Corridor, Vattambakkam R.F., Tamil Nadu 631605, India","DAIMLER INDIA COMMERCIAL VEHICLES,KANCHIPURAM,TAMIL NADU",,"12.8390,79.9540","12.8390,79.9540",VAMOSYS
,VCV00008961/082021,8/19/2020 13:31,8/20/2020 13:03,8/20/2020 12:50,"DAIMLER INDIA COMMERCIAL VEHICLES,KANCHIPURAM,TAMIL NADU","Perumalpattu - Kottamedu Rd, Oragadam Industrial Corridor, Vattambakkam R.F., Tamil Nadu 631605, India","DAIMLER INDIA COMMERCIAL VEHICLES,KANCHIPURAM,TAMIL NADU",,"12.8390,79.9540","12.8390,79.9540",VAMOSYS
,VCV00009279/082021,8/19/2020 18:21,8/20/2020 12:31,8/20/2020 12:10,"DAIMLER INDIA COMMERCIAL VEHICLES,KANCHIPURAM,TAMIL NADU","Unnamed Road, Oragadam Industrial Corridor, Vattambakkam R.F., Tamil Nadu 631605, India","DAIMLER INDIA COMMERCIAL VEHICLES,KANCHIPURAM,TAMIL NADU",,"12.8390,79.9540","12.8390,79.9540",VAMOSYS
,VCV00009018/082021,8/19/2020 14:32,8/20/2020 12:33,8/20/2020 12:10,"DAIMLER INDIA COMMERCIAL VEHICLES,KANCHIPURAM,TAMIL NADU","Perumalpattu - Kottamedu Rd, Oragadam Industrial Corridor, Vattambakkam R.F., Tamil Nadu 631605, India","DAIMLER INDIA COMMERCIAL VEHICLES,KANCHIPURAM,TAMIL NADU",,"12.8390,79.9540","12.8390,79.9540",VAMOSYS
,VCV00008766/082021,8/19/2020 9:29,8/20/2020 12:33,8/20/2020 12:10,"DAIMLER INDIA COMMERCIAL VEHICLES,KANCHIPURAM,TAMIL NADU","Perumalpattu - Kottamedu Rd, Oragadam Industrial Corridor, Vattambakkam R.F., Tamil Nadu 631605, India","DAIMLER INDIA COMMERCIAL VEHICLES,KANCHIPURAM,TAMIL NADU",,"12.8390,79.9540","12.8390,79.9540",VAMOSYS
,VCV00009678/082021,8/20/2020 8:38,8/20/2020 12:33,8/20/2020 12:10,"DAIMLER INDIA COMMERCIAL VEHICLES,KANCHIPURAM,TAMIL NADU","Perumalpattu - Kottamedu Rd, Oragadam Industrial Corridor, Vattambakkam R.F., Tamil Nadu 631605, India","DAIMLER INDIA COMMERCIAL VEHICLES,KANCHIPURAM,TAMIL NADU",,"12.8390,79.9540","12.8390,79.9540",VAMOSYS
,VCV00009731/082021,8/20/2020 10:18,8/20/2020 12:38,8/20/2020 12:05,"ASHOK LEYLAND ENNORE,CHENNAI,TAMIL NADU","NH 48, Kumudepalli, Moranapalli, Tamil Nadu 635109, India","ASHOK LEYLAND PLANT 2-HOSUR,HOSUR,KARNATAKA",,"13.2150,80.3200","12.7660,77.7860",CONSENT TRACK
,VCV00009851/082021,8/20/2020 11:27,8/20/2020 12:38,8/20/2020 12:10,"ASHOK LEYLAND PLANT 2-HOSUR,HOSUR,KARNATAKA","Unnamed Road, Tamil Nadu 635126, India","ASHOK LEYLAND PLANT 2-HOSUR,HOSUR,KARNATAKA",,"12.7200,77.8170","12.7220,77.8700",VAMOSYS
,AEIBK2026421,8/18/2020 19:50,8/20/2020 12:06,8/19/2020 12:30,"Naickenpalayam, Coimbatore, Tamil Nadu","Kathivakkam High School Rd, Ashok Leyland Area, Ennore, Tamil Nadu 600057, India","Kamarajnagar, Tiruvallur, Tamil Nadu",,"11.154594,76.922532","13.187219,80.307731",CONSENT TRACK
,VCV00009631/082021,8/19/2020 22:39,8/20/2020 11:48,8/20/2020 11:40,"DAIMLER INDIA COMMERCIAL VEHICLES,KANCHIPURAM,TAMIL NADU","Perumalpattu - Kottamedu Rd, Oragadam Industrial Corridor, Vattambakkam R.F., Tamil Nadu 631605, India","DAIMLER INDIA COMMERCIAL VEHICLES,KANCHIPURAM,TAMIL NADU",,"12.8390,79.9540","12.8390,79.9540",VAMOSYS
,VCV00008379/082021,8/18/2020 14:40,8/20/2020 11:48,8/20/2020 11:40,"DAIMLER INDIA COMMERCIAL VEHICLES,KANCHIPURAM,TAMIL NADU","Perumalpattu - Kottamedu Rd, Oragadam Industrial Corridor, Vattambakkam R.F., Tamil Nadu 631605, India","DAIMLER INDIA COMMERCIAL VEHICLES,KANCHIPURAM,TAMIL NADU",,"12.8390,79.9540","12.8390,79.9540",VAMOSYS
,VCV00009858/082021,8/20/2020 11:27,8/20/2020 11:49,8/20/2020 11:40,"ASHOK LEYLAND PLANT 2-HOSUR,HOSUR,KARNATAKA","Unnamed Road, Sipcot Phase II Industrial Complex, Sipcot Ph 2, Hosur, Tamil Nadu 635109, India","ASHOK LEYLAND PLANT 2-HOSUR,HOSUR,KARNATAKA",,"12.7200,77.8170","12.7220,77.8700",VAMOSYS
,VCV00009846/082021,8/20/2020 11:27,8/20/2020 11:51,8/20/2020 11:40,"ASHOK LEYLAND PLANT 2-HOSUR,HOSUR,KARNATAKA","Unnamed Road, Sipcot Phase II Industrial Complex, Sipcot Ph 2, Hosur, Tamil Nadu 635109, India","ASHOK LEYLAND PLANT 2-HOSUR,HOSUR,KARNATAKA",,"12.7200,77.8170","12.7220,77.8700",VAMOSYS
,AEIBK2026544,8/19/2020 21:30,8/20/2020 12:02,8/20/2020 11:00,"Naickenpalayam, Coimbatore, Tamil Nadu","Unnamed Road, Sipcot Ph. I, Hosur, Tamil Nadu 635126, India","Mookandapalli, Krishnagiri, Tamil Nadu",,"11.154594,76.922532","12.746894,77.806168",CONSENT TRACK
,VCV00009801/082021,8/20/2020 11:17,8/20/2020 11:34,8/20/2020 11:25,"ASHOK LEYLAND PLANT 2-HOSUR,HOSUR,KARNATAKA","Unnamed Road, Sipcot Phase II Industrial Complex, Sipcot Ph 2, Hosur, Tamil Nadu 635109, India","ASHOK LEYLAND PLANT 2-HOSUR,HOSUR,KARNATAKA",,"12.7200,77.8170","12.7220,77.8700",VAMOSYS
,VCV00009807/082021,8/20/2020 11:17,8/20/2020 11:36,8/20/2020 11:25,"ASHOK LEYLAND PLANT 2-HOSUR,HOSUR,KARNATAKA","Unnamed Road, Sipcot Phase II Industrial Complex, Sipcot Ph 2, Hosur, Tamil Nadu 635109, India","ASHOK LEYLAND PLANT 2-HOSUR,HOSUR,KARNATAKA",,"12.7200,77.8170","12.7220,77.8700",VAMOSYS
,VCV00008967/082021,8/19/2020 13:35,8/20/2020 11:30,8/20/2020 11:25,"DAIMLER INDIA COMMERCIAL VEHICLES,KANCHIPURAM,TAMIL NADU","Unnamed Road, Oragadam Industrial Corridor, Vattambakkam R.F., Tamil Nadu 631605, India","DAIMLER INDIA COMMERCIAL VEHICLES,KANCHIPURAM,TAMIL NADU",,"12.8390,79.9540","12.8390,79.9540",VAMOSYS
,AEIBK2026547,8/19/2020 21:17,8/20/2020 11:47,8/20/2020 11:00,"Naickenpalayam, Coimbatore, Tamil Nadu","Dam Channel Road, Kumudepalli, Hosur, Tamil Nadu 635109, India","Onnalvadi, Krishnagiri, Tamil Nadu",,"11.154594,76.922532","12.683589,77.859239",CONSENT TRACK
,VCV00009629/082021,8/19/2020 22:33,8/20/2020 11:16,8/20/2020 11:10,"DAIMLER INDIA COMMERCIAL VEHICLES,KANCHIPURAM,TAMIL NADU","Unnamed Road, Oragadam Industrial Corridor, Vattambakkam R.F., Tamil Nadu 631605, India","DAIMLER INDIA COMMERCIAL VEHICLES,KANCHIPURAM,TAMIL NADU",,"12.8390,79.9540","12.8390,79.9540",VAMOSYS
,VCV00009745/082021,8/20/2020 10:41,8/20/2020 11:04,8/20/2020 10:50,"DAIMLER INDIA COMMERCIAL VEHICLES,KANCHIPURAM,TAMIL NADU","Perumalpattu - Kottamedu Rd, Oragadam Industrial Corridor, Vattambakkam R.F., Tamil Nadu 631605, India","DAIMLER INDIA COMMERCIAL VEHICLES,KANCHIPURAM,TAMIL NADU",,"12.8390,79.9540","12.8390,79.9540",VAMOSYS
,AEIBK2026567,8/20/2020 9:41,8/20/2020 10:22,8/20/2020 10:15,"Gopanapalli, Krishnagiri, Tamil Nadu","Kathivakkam High School Rd, Ashok Leyland Area, Ennore, Tamil Nadu 600057, India","Kamarajnagar, Tiruvallur, Tamil Nadu",,"12.671093,77.779537","13.187219,80.307731",BEECON
,VCV00009619/082021,8/19/2020 22:08,8/20/2020 10:01,8/20/2020 9:55,"DAIMLER INDIA COMMERCIAL VEHICLES,KANCHIPURAM,TAMIL NADU","Unnamed Road, Oragadam Industrial Corridor, Oragaram, Tamil Nadu 631605, India","DAIMLER INDIA COMMERCIAL VEHICLES,KANCHIPURAM,TAMIL NADU",,"12.8390,79.9540","12.8390,79.9540",VAMOSYS
,VCV00007700/082021,8/17/2020 14:33,8/20/2020 10:37,8/20/2020 8:05,"ASHOK LEYLAND ENNORE,CHENNAI,TAMIL NADU","NH 48, Tamil Nadu 635115, India","ASHOK LEYLAND PLANT 2-HOSUR,HOSUR,KARNATAKA",,"13.2150,80.3200","12.7660,77.7860",CONSENT TRACK
,VCV00009700/082021,8/20/2020 9:26,8/20/2020 9:49,8/20/2020 9:15,"TVSLSL HUB MATHIGIRI,HOSUR,TAMIL NADU","Block no. 1 Survey no. 466,467,468,469, Plot no. 474, 485, Hosur - Thally Rd, near by Karnoor village, Tamil Nadu 635110, India","TVSLSL HUB MATHIGIRI,HOSUR,TAMIL NADU",,"12.7510,77.8040","12.7510,77.8040",NIMBLE
,VCV00009014/082021,8/19/2020 14:27,8/20/2020 14:21,8/20/2020 8:05,"ASHOK LEYLAND PLANT 2-HOSUR,HOSUR,KARNATAKA","NH 48, Maruthandapalli, Tamil Nadu 635117, India","TVSLSL-PUZHAL-HUB,CHENNAI,TAMIL NADU",,"12.7510,77.8040","13.1550,80.1960",CONSENT TRACK
,MVCV0001061/082021,8/19/2020 14:53,8/20/2020 9:43,8/19/2020 13:25,"ASHOK LEYLAND PLANT 1- HOSUR,HOSUR,KARNATAKA","Door No 5/683,Plot No 33&34, 4th Cross, 2nd Phase, Muneeswara Nagar, Hosur, Tamil Nadu 635109, India","ASHOK LEYLAND ENNORE,CHENNAI,TAMIL NADU",,"13.2150,80.3200","12.7660,77.7860",CONSENT TRACK
,MVCV0001054/082021,8/19/2020 11:10,8/20/2020 12:36,8/20/2020 9:25,"ASHOK LEYLAND PLANT 2-HOSUR,HOSUR,KARNATAKA","Nandiyalam Rd, Tamil Nadu 632517, India","ASHOK LEYLAND ENNORE,CHENNAI,TAMIL NADU",,"13.2150,80.3200","12.7260,77.8760",CONSENT TRACK
,MVCV0000975/082021,8/18/2020 16:09,8/20/2020 15:18,8/18/2020 9:30,"TVSLSL HUB MATHIGIRI,HOSUR,TAMIL NADU","Nehru Nagar, Nehru Nagar, Chennai, Tamil Nadu 600057, India","ASHOK LEYLAND ENNORE,CHENNAI,TAMIL NADU",,"13.2150,80.3200","12.7510,77.8040",CONSENT TRACK
,VCV00008759/082021,8/19/2020 9:14,8/20/2020 9:00,8/20/2020 8:50,"TRACTORS & FARM EQUIPMENT LIMITED,KANCHIPURAM,TAMIL NADU","PLOT NO 3, INDUSTRIAL AREA II - CMDA, MARAIMALAI NAGAR, Maraimalai Nagar, Tamil Nadu 603209, India","TRACTORS & FARMS EQUIPMENTS LIMITED,KANCHIPURAM,TAMIL NADU",,"12.7770,80.0250","12.7780,80.0250",VAMOSYS
,VCV00008760/082021,8/19/2020 9:14,8/20/2020 9:00,8/20/2020 8:50,"TRACTORS & FARM EQUIPMENT LIMITED,KANCHIPURAM,TAMIL NADU","PLOT NO 3, INDUSTRIAL AREA II - CMDA, MARAIMALAI NAGAR, Maraimalai Nagar, Tamil Nadu 603209, India","TRACTORS & FARMS EQUIPMENTS LIMITED,KANCHIPURAM,TAMIL NADU",,"12.7770,80.0250","12.7780,80.0250",VAMOSYS
,VCV00008068/082021,8/18/2020 1:08,8/20/2020 8:48,8/20/2020 8:40,"DAIMLER INDIA COMMERCIAL VEHICLES,KANCHIPURAM,TAMIL NADU","Perumalpattu - Kottamedu Rd, Oragadam Industrial Corridor, Vattambakkam R.F., Tamil Nadu 631605, India","DAIMLER INDIA COMMERCIAL VEHICLES,KANCHIPURAM,TAMIL NADU",,"12.8390,79.9540","12.8390,79.9540",VAMOSYS
,VCV00009065/082021,8/19/2020 15:17,8/20/2020 8:34,8/20/2020 8:25,"DAIMLER INDIA COMMERCIAL VEHICLES,KANCHIPURAM,TAMIL NADU","Perumalpattu - Kottamedu Rd, Oragadam Industrial Corridor, Vattambakkam R.F., Tamil Nadu 631605, India","DAIMLER INDIA COMMERCIAL VEHICLES,KANCHIPURAM,TAMIL NADU",,"12.8390,79.9540","12.8390,79.9540",VAMOSYS
,VCV00009327/082021,8/19/2020 18:37,8/20/2020 8:34,8/20/2020 8:25,"DAIMLER INDIA COMMERCIAL VEHICLES,KANCHIPURAM,TAMIL NADU","Perumalpattu - Kottamedu Rd, Oragadam Industrial Corridor, Vattambakkam R.F., Tamil Nadu 631605, India","DAIMLER INDIA COMMERCIAL VEHICLES,KANCHIPURAM,TAMIL NADU",,"12.8390,79.9540","12.8390,79.9540",VAMOSYS
,VCV00009642/082021,8/19/2020 22:51,8/20/2020 7:19,8/20/2020 7:10,"DAIMLER INDIA COMMERCIAL VEHICLES,KANCHIPURAM,TAMIL NADU","Perumalpattu - Kottamedu Rd, Oragadam Industrial Corridor, Vattambakkam R.F., Tamil Nadu 631605, India","DAIMLER INDIA COMMERCIAL VEHICLES,KANCHIPURAM,TAMIL NADU",,"12.8390,79.9540","12.8390,79.9540",VAMOSYS
,VCV00009663/082021,8/20/2020 3:05,8/20/2020 7:02,8/20/2020 6:50,"LUCAS TVS LTD-PONDY,PONDY,PONDICHERRY","5th street, hot chips, 12th Main Rd, Opposite to, TVS Industries, Padi, Chennai, Tamil Nadu 600040, India","LUCAS TVS LTD-AMBATTUR,CHENNAI,TAMIL NADU",,"11.8720,79.6320","13.1020,80.1940",VAMOSYS
,VCV00009650/082021,8/19/2020 23:53,8/20/2020 5:47,8/20/2020 5:30,"LUCAS TVS LTD-PONDY,PONDY,PONDICHERRY","5th street, hot chips, 12th Main Rd, Opposite to, TVS Industries, Padi, Chennai, Tamil Nadu 600040, India","LUCAS TVS LTD-AMBATTUR,CHENNAI,TAMIL NADU",,"11.8720,79.6320","13.1020,80.1940",CONSENT TRACK
,VCV00009535/082021,8/19/2020 20:57,8/20/2020 5:17,8/20/2020 5:10,"LUCAS TVS LTD-AMBATTUR,CHENNAI,TAMIL NADU","Madukkarai Main Rd, Nettapakkam, Puducherry 605106, India","LUCAS TVS LTD-PONDY,PONDY,PONDICHERRY",,"13.1020,80.1940","11.8720,79.6320",VAMOSYS
,VCV00009646/082021,8/19/2020 23:19,8/20/2020 3:49,8/20/2020 3:40,"DAIMLER INDIA COMMERCIAL VEHICLES,KANCHIPURAM,TAMIL NADU","Perumalpattu - Kottamedu Rd, Oragadam Industrial Corridor, Vattambakkam R.F., Tamil Nadu 631605, India","DAIMLER INDIA COMMERCIAL VEHICLES,KANCHIPURAM,TAMIL NADU",,"12.8390,79.9540","12.8390,79.9540",VAMOSYS
,VCV00008771/082021,8/19/2020 9:36,8/20/2020 2:03,8/20/2020 1:55,"DAIMLER INDIA COMMERCIAL VEHICLES,KANCHIPURAM,TAMIL NADU","Perumalpattu - Kottamedu Rd, Oragadam Industrial Corridor, Vattambakkam R.F., Tamil Nadu 631605, India","DAIMLER INDIA COMMERCIAL VEHICLES,KANCHIPURAM,TAMIL NADU",,"12.8390,79.9540","12.8390,79.9540",VAMOSYS
,VCV00008985/082021,8/19/2020 13:54,8/20/2020 1:51,8/20/2020 1:40,"DAIMLER INDIA COMMERCIAL VEHICLES,KANCHIPURAM,TAMIL NADU","Perumalpattu - Kottamedu Rd, Oragadam Industrial Corridor, Perinjambakkam, Tamil Nadu 631604, India","DAIMLER INDIA COMMERCIAL VEHICLES,KANCHIPURAM,TAMIL NADU",,"12.8390,79.9540","12.8390,79.9540",VAMOSYS
,VCV00008654/082021,8/18/2020 21:49,8/20/2020 1:48,8/20/2020 1:40,"DAIMLER INDIA COMMERCIAL VEHICLES,KANCHIPURAM,TAMIL NADU","Perumalpattu - Kottamedu Rd, Oragadam Industrial Corridor, Vattambakkam R.F., Tamil Nadu 631605, India","DAIMLER INDIA COMMERCIAL VEHICLES,KANCHIPURAM,TAMIL NADU",,"12.8390,79.9540","12.8390,79.9540",VAMOSYS
,VCV00009457/082021,8/19/2020 20:07,8/20/2020 0:19,8/20/2020 0:10,"DAIMLER INDIA COMMERCIAL VEHICLES,KANCHIPURAM,TAMIL NADU","Perumalpattu - Kottamedu Rd, Oragadam Industrial Corridor, Vattambakkam R.F., Tamil Nadu 631605, India","DAIMLER INDIA COMMERCIAL VEHICLES,KANCHIPURAM,TAMIL NADU",,"12.8390,79.9540","12.8390,79.9540",VAMOSYS
,VCV00008625/082021,8/18/2020 20:30,8/19/2020 22:48,8/19/2020 22:35,"DAIMLER INDIA COMMERCIAL VEHICLES,KANCHIPURAM,TAMIL NADU","Perumalpattu - Kottamedu Rd, Oragadam Industrial Corridor, Vattambakkam R.F., Tamil Nadu 631605, India","DAIMLER INDIA COMMERCIAL VEHICLES,KANCHIPURAM,TAMIL NADU",,"12.8390,79.9540","12.8390,79.9540",VAMOSYS
,VCV00009020/082021,8/19/2020 14:34,8/19/2020 22:59,8/19/2020 22:20,"DAIMLER INDIA COMMERCIAL VEHICLES,KANCHIPURAM,TAMIL NADU","Gokulapuram Main Rd, Maraimalai Nagar, Tamil Nadu 603209, India","DAIMLER INDIA COMMERCIAL VEHICLES,KANCHIPURAM,TAMIL NADU",,"12.8390,79.9540","12.8390,79.9540",VAMOSYS
,VCV00006774/082021,8/14/2020 18:21,8/20/2020 4:51,8/19/2020 22:20,"DAIMLER INDIA COMMERCIAL VEHICLES,KANCHIPURAM,TAMIL NADU","NH544, Shanmugapuram, Ponmudi, Tamil Nadu 638056, India","DAIMLER INDIA COMMERCIAL VEHICLES,KANCHIPURAM,TAMIL NADU",,"12.8390,79.9540","12.8390,79.9540",VAMOSYS
,VCV00008061/082021,8/17/2020 23:42,8/19/2020 22:18,8/19/2020 22:05,"DAIMLER INDIA COMMERCIAL VEHICLES,KANCHIPURAM,TAMIL NADU","Perumalpattu - Kottamedu Rd, Oragadam Industrial Corridor, Vattambakkam R.F., Tamil Nadu 631605, India","DAIMLER INDIA COMMERCIAL VEHICLES,KANCHIPURAM,TAMIL NADU",,"12.8390,79.9540","12.8390,79.9540",VAMOSYS
,VCV00008837/082021,8/19/2020 11:06,8/19/2020 22:03,8/19/2020 21:50,"DAIMLER INDIA COMMERCIAL VEHICLES,KANCHIPURAM,TAMIL NADU","Perumalpattu - Kottamedu Rd, Oragadam Industrial Corridor, Vattambakkam R.F., Tamil Nadu 631605, India","DAIMLER INDIA COMMERCIAL VEHICLES,KANCHIPURAM,TAMIL NADU",,"12.8390,79.9540","12.8390,79.9540",VAMOSYS
,VCV00008054/082021,8/17/2020 22:38,8/19/2020 22:46,8/17/2020 20:35,"LUCAS TVS LTD-PONDY,PONDY,PONDICHERRY","Olakkur Bus Station, Nallathur, Tamil Nadu 604307, India","LUCAS TVS LTD-PONDY,PONDY,PONDICHERRY",,"11.8710,79.7390","11.8710,79.7390",CONSENT TRACK
,VCV00008334/082021,8/18/2020 13:36,8/19/2020 21:34,8/19/2020 21:20,"DAIMLER INDIA COMMERCIAL VEHICLES,KANCHIPURAM,TAMIL NADU","5, Renault Nissan Suppliers Park Rd, Oragadam Industrial Corridor, Vattambakkam R.F., Tamil Nadu 631605, India","DAIMLER INDIA COMMERCIAL VEHICLES,KANCHIPURAM,TAMIL NADU",,"12.8390,79.9540","12.8390,79.9540",VAMOSYS
,VCV00008659/082021,8/18/2020 22:14,8/19/2020 21:11,8/19/2020 20:40,"DAIMLER INDIA COMMERCIAL VEHICLES,KANCHIPURAM,TAMIL NADU","Tambaram - Mudichur - Walajabad Rd, Kattavakkam, Tamil Nadu 631605, India","DAIMLER INDIA COMMERCIAL VEHICLES,KANCHIPURAM,TAMIL NADU",,"12.8390,79.9540","12.8390,79.9540",VAMOSYS
,VCV00009079/082021,8/19/2020 15:41,8/19/2020 20:50,8/19/2020 20:40,"DAIMLER INDIA COMMERCIAL VEHICLES,KANCHIPURAM,TAMIL NADU","Perumalpattu - Kottamedu Rd, Oragadam Industrial Corridor, Vattambakkam R.F., Tamil Nadu 631605, India","DAIMLER INDIA COMMERCIAL VEHICLES,KANCHIPURAM,TAMIL NADU",,"12.8390,79.9540","12.8390,79.9540",VAMOSYS
,VCV00009316/082021,8/19/2020 18:31,8/19/2020 20:13,8/19/2020 19:50,"LUCAS TVS LTD-PONDY,PONDY,PONDICHERRY","1st Ave, Mel Ayanambakkam, Ambattur Industrial Estate, Chennai, Tamil Nadu 600095, India","LUCAS TVS LTD-AMBATTUR,CHENNAI,TAMIL NADU",,"11.8720,79.6320","13.1020,80.1940",VAMOSYS
,VCV00009106/082021,8/19/2020 16:15,8/19/2020 19:47,8/19/2020 19:40,"LUCAS TVS LTD-PONDY,PONDY,PONDICHERRY","5th street, hot chips, 12th Main Rd, Opposite to, TVS Industries, Padi, Chennai, Tamil Nadu 600040, India","LUCAS TVS LTD-AMBATTUR,CHENNAI,TAMIL NADU",,"11.8720,79.6320","13.1020,80.1940",VAMOSYS
,VCV00008523/082021,8/18/2020 17:42,8/19/2020 19:48,8/19/2020 19:40,"DAIMLER INDIA COMMERCIAL VEHICLES,KANCHIPURAM,TAMIL NADU","Singaperumal Koil - Sriperumbudur Rd, Oragadam Industrial Corridor, Vattambakkam R.F., Tamil Nadu 631605, India","DAIMLER INDIA COMMERCIAL VEHICLES,KANCHIPURAM,TAMIL NADU",,"12.8390,79.9540","12.8390,79.9540",VAMOSYS
,VCV00009180/082021,8/19/2020 17:11,8/19/2020 19:36,8/19/2020 19:25,"ASHOK LEYLAND PLANT 2-HOSUR,HOSUR,KARNATAKA","Unnamed Road, Sipcot Phase II Industrial Complex, Sipcot Ph 2, Hosur, Tamil Nadu 635109, India","ASHOK LEYLAND PLANT 2-HOSUR,HOSUR,KARNATAKA",,"12.7200,77.8170","12.7220,77.8700",VAMOSYS
,VCV00007982/082021,8/17/2020 19:50,8/19/2020 19:32,8/19/2020 19:25,"LUCAS TVS LTD-PONDY,PONDY,PONDICHERRY","Madukkarai Main Rd, Nettapakkam, Puducherry 605106, India","LUCAS TVS LTD-PONDY,PONDY,PONDICHERRY",,"11.8720,79.6320","11.8720,79.6320",VAMOSYS
,VCV00008455/082021,8/18/2020 16:16,8/19/2020 19:07,8/19/2020 19:00,"DAIMLER INDIA COMMERCIAL VEHICLES,KANCHIPURAM,TAMIL NADU","Perumalpattu - Kottamedu Rd, Oragadam Industrial Corridor, Vattambakkam R.F., Tamil Nadu 631605, India","DAIMLER INDIA COMMERCIAL VEHICLES,KANCHIPURAM,TAMIL NADU",,"12.8390,79.9540","12.8390,79.9540",VAMOSYS
,VCV00007914/082021,8/17/2020 17:47,8/19/2020 18:51,8/19/2020 18:40,"DAIMLER INDIA COMMERCIAL VEHICLES,KANCHIPURAM,TAMIL NADU","Perumalpattu - Kottamedu Rd, Oragadam Industrial Corridor, Vattambakkam R.F., Tamil Nadu 631605, India","DAIMLER INDIA COMMERCIAL VEHICLES,KANCHIPURAM,TAMIL NADU",,"12.8390,79.9540","12.8390,79.9540",VAMOSYS
,VCV00008793/082021,8/19/2020 10:10,8/19/2020 18:36,8/19/2020 18:20,"DAIMLER INDIA COMMERCIAL VEHICLES,KANCHIPURAM,TAMIL NADU","Perumalpattu - Kottamedu Rd, Oragadam Industrial Corridor, Vattambakkam R.F., Tamil Nadu 631605, India","DAIMLER INDIA COMMERCIAL VEHICLES,KANCHIPURAM,TAMIL NADU",,"12.8390,79.9540","12.8390,79.9540",VAMOSYS
,VCV00008396/082021,8/18/2020 15:11,8/19/2020 17:21,8/19/2020 17:10,"DAIMLER INDIA COMMERCIAL VEHICLES,KANCHIPURAM,TAMIL NADU","Perumalpattu - Kottamedu Rd, Oragadam Industrial Corridor, Vattambakkam R.F., Tamil Nadu 631605, India","DAIMLER INDIA COMMERCIAL VEHICLES,KANCHIPURAM,TAMIL NADU",,"12.8390,79.9540","12.8390,79.9540",VAMOSYS
,VCV00009170/082021,8/19/2020 17:04,8/19/2020 17:22,8/19/2020 17:10,"ASHOK LEYLAND PLANT 2-HOSUR,HOSUR,KARNATAKA","Unnamed Road, Sipcot Phase II Industrial Complex, Sipcot Ph 2, Hosur, Tamil Nadu 635109, India","ASHOK LEYLAND PLANT 2-HOSUR,HOSUR,KARNATAKA",,"12.7200,77.8170","12.7220,77.8700",VAMOSYS
,VCV00007443/082021,8/17/2020 11:28,8/19/2020 17:31,8/19/2020 17:00,"DAIMLER INDIA COMMERCIAL VEHICLES,KANCHIPURAM,TAMIL NADU","Service Rd, Mevalurkuppam, Tamil Nadu 602117, India","DAIMLER INDIA COMMERCIAL VEHICLES,KANCHIPURAM,TAMIL NADU",,"12.8390,79.9540","12.8390,79.9540",VAMOSYS
,VCV00009136/082021,8/19/2020 16:35,8/19/2020 16:49,8/19/2020 16:45,"TVSLSL-PUZHAL-HUB,CHENNAI,TAMIL NADU","No 74 , Sadagopa Bhavanam , Rajaji Street, Kathirvedu, Valluvar Nagar, Puzhal, Chennai, Tamil Nadu 600066, India","TVSLSL-PUZHAL-HUB,CHENNAI,TAMIL NADU",,"13.1550,80.1970","13.1550,80.1970",NIMBLE
,VCV00008520/082021,8/18/2020 17:36,8/19/2020 16:32,8/19/2020 16:20,"DAIMLER INDIA COMMERCIAL VEHICLES,KANCHIPURAM,TAMIL NADU","Unnamed Road, Oragadam Industrial Corridor, Vattambakkam R.F., Tamil Nadu 631605, India","DAIMLER INDIA COMMERCIAL VEHICLES,KANCHIPURAM,TAMIL NADU",,"12.8390,79.9540","12.8390,79.9540",VAMOSYS
,VCV00009087/082021,8/19/2020 15:51,8/19/2020 16:46,8/19/2020 16:15,"LUCAS TVS LTD-AMBATTUR,CHENNAI,TAMIL NADU","NH36, Tamil Nadu 605103, India","LUCAS TVS LTD-PONDY,PONDY,PONDICHERRY",,"13.1020,80.1940","11.8720,79.6320",VAMOSYS
,VCV00008988/082021,8/19/2020 13:56,8/19/2020 16:04,8/19/2020 15:55,"LUCAS TVS LTD-PONDY,PONDY,PONDICHERRY","5th street, hot chips, 12th Main Rd, Opposite to, TVS Industries, Padi, Chennai, Tamil Nadu 600040, India","LUCAS TVS LTD-AMBATTUR,CHENNAI,TAMIL NADU",,"11.8720,79.6320","13.1020,80.1940",VAMOSYS
,VCV00009082/082021,8/19/2020 15:43,8/19/2020 15:51,8/19/2020 15:40,"ASHOK LEYLAND PLANT 2-HOSUR,HOSUR,KARNATAKA","Unnamed Road, Sipcot Phase II Industrial Complex, Sipcot Ph 2, Hosur, Tamil Nadu 635109, India","ASHOK LEYLAND PLANT 2-HOSUR,HOSUR,KARNATAKA",,"12.7200,77.8170","12.7220,77.8700",VAMOSYS
,VCV00009062/082021,8/19/2020 15:15,8/19/2020 15:39,8/19/2020 15:25,"ASHOK LEYLAND PLANT 2-HOSUR,HOSUR,KARNATAKA","Unnamed Road, Sipcot Phase II Industrial Complex, Sipcot Ph 2, Hosur, Tamil Nadu 635109, India","ASHOK LEYLAND PLANT 2-HOSUR,HOSUR,KARNATAKA",,"12.7200,77.8170","12.7220,77.8700",VAMOSYS
,VCV00009070/082021,8/19/2020 15:16,8/19/2020 15:45,8/19/2020 15:25,"ASHOK LEYLAND PLANT 2-HOSUR,HOSUR,KARNATAKA","Brahmma Hills Road, Gokul Nagar, Hosur, Tamil Nadu 635109, India","ASHOK LEYLAND PLANT 2-HOSUR,HOSUR,KARNATAKA",,"12.7200,77.8170","12.7220,77.8700",VAMOSYS
,VCV00009073/082021,8/19/2020 15:25,8/19/2020 15:37,8/19/2020 15:25,"ASHOK LEYLAND PLANT 2-HOSUR,HOSUR,KARNATAKA","Unnamed Road, Sipcot Phase II Industrial Complex, Sipcot Ph 2, Moranapalli, Tamil Nadu 635109, India","ASHOK LEYLAND PLANT 2-HOSUR,HOSUR,KARNATAKA",,"12.7200,77.8170","12.7220,77.8700",VAMOSYS
,VCV00008876/082021,8/19/2020 11:43,8/19/2020 15:06,8/19/2020 15:00,"DAIMLER INDIA COMMERCIAL VEHICLES,KANCHIPURAM,TAMIL NADU","Perumalpattu - Kottamedu Rd, Oragadam Industrial Corridor, Vattambakkam R.F., Tamil Nadu 631605, India","DAIMLER INDIA COMMERCIAL VEHICLES,KANCHIPURAM,TAMIL NADU",,"12.8390,79.9540","12.8390,79.9540",VAMOSYS
,VCV00008732/082021,8/19/2020 8:07,8/19/2020 15:06,8/19/2020 14:50,"DAIMLER INDIA COMMERCIAL VEHICLES,KANCHIPURAM,TAMIL NADU","Perumalpattu - Kottamedu Rd, Oragadam Industrial Corridor, Panapakkam, Tamil Nadu 631605, India","DAIMLER INDIA COMMERCIAL VEHICLES,KANCHIPURAM,TAMIL NADU",,"12.8390,79.9540","12.8390,79.9540",VAMOSYS
,VCV00008669/082021,8/18/2020 22:45,8/19/2020 15:05,8/19/2020 15:00,"DAIMLER INDIA COMMERCIAL VEHICLES,KANCHIPURAM,TAMIL NADU","Perumalpattu - Kottamedu Rd, Oragadam Industrial Corridor, Vattambakkam R.F., Tamil Nadu 631605, India","DAIMLER INDIA COMMERCIAL VEHICLES,KANCHIPURAM,TAMIL NADU",,"12.8390,79.9540","12.8390,79.9540",VAMOSYS
,VCV00008953/082021,8/19/2020 13:27,8/19/2020 14:35,8/19/2020 14:10,"ASHOK LEYLAND PLANT 2-HOSUR,HOSUR,KARNATAKA","Unnamed Road, Sipcot Ph. I, Hosur, Tamil Nadu 635126, India","ASHOK LEYLAND PLANT 2-HOSUR,HOSUR,KARNATAKA",,"12.7200,77.8170","12.7220,77.8700",VAMOSYS
,VCV00008960/082021,8/19/2020 13:27,8/19/2020 14:25,8/19/2020 14:10,"ASHOK LEYLAND PLANT 2-HOSUR,HOSUR,KARNATAKA","NH 48, Sunnambu Jeebi, Hosur, Tamil Nadu 635126, India","ASHOK LEYLAND PLANT 2-HOSUR,HOSUR,KARNATAKA",,"12.7200,77.8170","12.7220,77.8700",VAMOSYS
,VCV00008979/082021,8/19/2020 13:46,8/19/2020 14:06,8/19/2020 13:50,"ASHOK LEYLAND PLANT 2-HOSUR,HOSUR,KARNATAKA","Unnamed Road, Sipcot Phase II Industrial Complex, Sipcot Ph 2, Hosur, Tamil Nadu 635109, India","ASHOK LEYLAND PLANT 2-HOSUR,HOSUR,KARNATAKA",,"12.7200,77.8170","12.7220,77.8700",VAMOSYS
,VCV00008855/082021,8/19/2020 11:20,8/19/2020 13:50,8/19/2020 13:45,"DAIMLER INDIA COMMERCIAL VEHICLES,KANCHIPURAM,TAMIL NADU","Perumalpattu - Kottamedu Rd, Oragadam Industrial Corridor, Vattambakkam R.F., Tamil Nadu 631605, India","DAIMLER INDIA COMMERCIAL VEHICLES,KANCHIPURAM,TAMIL NADU",,"12.8390,79.9540","12.8390,79.9540",VAMOSYS
,VCV00008955/082021,8/19/2020 13:27,8/19/2020 13:50,8/19/2020 13:40,"ASHOK LEYLAND PLANT 2-HOSUR,HOSUR,KARNATAKA","NH 48, Kumudepalli, Moranapalli, Tamil Nadu 635109, India","ASHOK LEYLAND PLANT 2-HOSUR,HOSUR,KARNATAKA",,"12.7200,77.8170","12.7220,77.8700",VAMOSYS
,VCV00008517/082021,8/18/2020 17:27,8/19/2020 13:50,8/19/2020 13:45,"DAIMLER INDIA COMMERCIAL VEHICLES,KANCHIPURAM,TAMIL NADU","Perumalpattu - Kottamedu Rd, Oragadam Industrial Corridor, Vattambakkam R.F., Tamil Nadu 631605, India","DAIMLER INDIA COMMERCIAL VEHICLES,KANCHIPURAM,TAMIL NADU",,"12.8390,79.9540","12.8390,79.9540",VAMOSYS
,VCV00007987/082021,8/17/2020 20:23,8/19/2020 14:43,8/15/2020 3:40,"LUCAS TVS LTD-AMBATTUR,CHENNAI,TAMIL NADU","Chennai - Theni Hwy, Velangampadi, Tamil Nadu 604302, India","LUCAS TVS LTD-PONDY,PONDY,PONDICHERRY",,"13.1020,80.1940","11.8720,79.6320",VAMOSYS
,VCV00008540/082021,8/18/2020 18:09,8/19/2020 13:54,8/19/2020 13:30,"LUCAS TVS LTD-AMBATTUR,CHENNAI,TAMIL NADU","Unnamed Road, Thiruvandarkoil, Puducherry 605107, India","LUCAS TVS LTD-PONDY,PONDY,PONDICHERRY",,"13.1020,80.1940","11.8720,79.6320",VAMOSYS
,VCV00008582/082021,8/18/2020 19:15,8/19/2020 15:05,8/19/2020 13:30,"LUCAS TVS LTD-AMBATTUR,CHENNAI,TAMIL NADU","NH32, Kadamalaiputhur, Tamil Nadu 603310, India","LUCAS TVS LTD-PONDY,PONDY,PONDICHERRY",,"13.1020,80.1940","11.8720,79.6320",VAMOSYS
,VCV00008799/082021,8/19/2020 10:18,8/19/2020 12:52,8/19/2020 12:40,"DAIMLER INDIA COMMERCIAL VEHICLES,KANCHIPURAM,TAMIL NADU","Perumalpattu - Kottamedu Rd, Oragadam Industrial Corridor, Vattambakkam R.F., Tamil Nadu 631605, India","DAIMLER INDIA COMMERCIAL VEHICLES,KANCHIPURAM,TAMIL NADU",,"12.8390,79.9540","12.8390,79.9540",VAMOSYS
,VCV00008895/082021,8/19/2020 12:12,8/19/2020 12:20,8/19/2020 12:10,"DAIMLER INDIA COMMERCIAL VEHICLES,KANCHIPURAM,TAMIL NADU","Singaperumal Koil - Sriperumbudur Rd, Oragadam Industrial Corridor, Vattambakkam R.F., Tamil Nadu 603204, India","DAIMLER INDIA COMMERCIAL VEHICLES,KANCHIPURAM,TAMIL NADU",,"12.8390,79.9540","12.8390,79.9540",VAMOSYS
,VCV00008868/082021,8/19/2020 11:33,8/19/2020 12:20,8/19/2020 12:15,"DAIMLER INDIA COMMERCIAL VEHICLES,KANCHIPURAM,TAMIL NADU","Perumalpattu - Kottamedu Rd, Oragadam Industrial Corridor, Vattambakkam R.F., Tamil Nadu 631605, India","DAIMLER INDIA COMMERCIAL VEHICLES,KANCHIPURAM,TAMIL NADU",,"12.8390,79.9540","12.8390,79.9540",VAMOSYS
,VCV00008405/082021,8/18/2020 15:21,8/19/2020 12:20,8/19/2020 12:10,"DAIMLER INDIA COMMERCIAL VEHICLES,KANCHIPURAM,TAMIL NADU","Perumalpattu - Kottamedu Rd, Oragadam Industrial Corridor, Vattambakkam R.F., Tamil Nadu 631605, India","DAIMLER INDIA COMMERCIAL VEHICLES,KANCHIPURAM,TAMIL NADU",,"12.8390,79.9540","12.8390,79.9540",VAMOSYS
,AEIBK2024827,8/4/2020 20:13,8/19/2020 18:00,8/19/2020 7:50,"Vellaripatti, Madurai, Tamil Nadu","Unnamed Road, Pappinayakkanpatti, Tamil Nadu 637003, India","Devalapura, Mysore, Karnataka",,"9.973636,78.281783","12.223062,76.690357",CONSENT TRACK
,VCV00008136/082021,8/18/2020 9:30,8/19/2020 11:02,8/19/2020 10:50,"DAIMLER INDIA COMMERCIAL VEHICLES,KANCHIPURAM,TAMIL NADU","Unnamed Road, Oragadam Industrial Corridor, Vattambakkam R.F., Tamil Nadu 631605, India","DAIMLER INDIA COMMERCIAL VEHICLES,KANCHIPURAM,TAMIL NADU",,"12.8390,79.9540","12.8390,79.9540",VAMOSYS
,MVCV0000704/082021,8/13/2020 10:26,8/19/2020 12:15,8/19/2020 9:25,"ASHOK LEYLAND ENNORE,CHENNAI,TAMIL NADU","NH 48, Elathagiri, Tamil Nadu 635108, India","ASHOK LEYLAND PARTS-HOSUR,HOSUR,TAMIL NADU",,"13.2150,80.3200","12.7020,77.8570",CONSENT TRACK
,VCV00008350/082021,8/18/2020 13:59,8/19/2020 10:48,8/19/2020 10:40,"DAIMLER INDIA COMMERCIAL VEHICLES,KANCHIPURAM,TAMIL NADU","Unnamed Road, Oragadam Industrial Corridor, Oragaram, Tamil Nadu 631605, India","DAIMLER INDIA COMMERCIAL VEHICLES,KANCHIPURAM,TAMIL NADU",,"12.8390,79.9540","12.8390,79.9540",VAMOSYS
,VCV00006504/082021,8/14/2020 13:59,8/19/2020 15:57,8/18/2020 13:05,"ASHOK LEYLAND PLANT 2-HOSUR,HOSUR,KARNATAKA","NH Service Rd, Kumudepalli, Hosur, Tamil Nadu 635109, India","TVSLSL-PUZHAL-HUB,CHENNAI,TAMIL NADU",,"12.7510,77.8040","13.1550,80.1960",CONSENT TRACK
,VCV00006725/082021,8/14/2020 17:24,8/19/2020 11:53,8/19/2020 10:45,"ASHOK LEYLAND PLANT 2-HOSUR,HOSUR,KARNATAKA","Mambakkam, Nenmeli, Sriperumbudur, Tamil Nadu 602105, India","TVSLSL-PUZHAL-HUB,CHENNAI,TAMIL NADU",,"12.7510,77.8040","13.1550,80.1960",BEECON
,VCV00008531/082021,8/18/2020 17:58,8/19/2020 10:33,8/19/2020 10:25,"DAIMLER INDIA COMMERCIAL VEHICLES,KANCHIPURAM,TAMIL NADU","Unnamed Road, Oragadam Industrial Corridor, Oragaram, Tamil Nadu 631605, India","DAIMLER INDIA COMMERCIAL VEHICLES,KANCHIPURAM,TAMIL NADU",,"12.8390,79.9540","12.8390,79.9540",VAMOSYS
,VCV00008777/082021,8/19/2020 9:41,8/19/2020 10:06,8/19/2020 9:55,"ASHOK LEYLAND PLANT 2-HOSUR,HOSUR,KARNATAKA","Unnamed Road, Sipcot Phase II Industrial Complex, Sipcot Ph 2, Hosur, Tamil Nadu 635109, India","ASHOK LEYLAND PLANT 2-HOSUR,HOSUR,KARNATAKA",,"12.7200,77.8170","12.7220,77.8700",VAMOSYS
,VCV00008782/082021,8/19/2020 9:52,8/19/2020 10:13,8/19/2020 9:55,"ASHOK LEYLAND PLANT 2-HOSUR,HOSUR,KARNATAKA","Unnamed Road, Bharathidasan Nagar, Tamil Nadu 635109, India","ASHOK LEYLAND PLANT 2-HOSUR,HOSUR,KARNATAKA",,"12.7200,77.8170","12.7220,77.8700",VAMOSYS
,VCV00008507/082021,8/18/2020 17:20,8/19/2020 10:03,8/19/2020 9:55,"DAIMLER INDIA COMMERCIAL VEHICLES,KANCHIPURAM,TAMIL NADU","Unnamed Road, Oragadam Industrial Corridor, Oragaram, Tamil Nadu 631605, India","DAIMLER INDIA COMMERCIAL VEHICLES,KANCHIPURAM,TAMIL NADU",,"12.8390,79.9540","12.8390,79.9540",VAMOSYS
,VCV00008775/082021,8/19/2020 9:41,8/19/2020 9:50,8/19/2020 9:40,"ASHOK LEYLAND PLANT 2-HOSUR,HOSUR,KARNATAKA","7, Hosur - Krishnagiri Rd, Maruthi Nagar, Hosur, Tamil Nadu 635109, India","ASHOK LEYLAND PLANT 2-HOSUR,HOSUR,KARNATAKA",,"12.7200,77.8170","12.7220,77.8700",VAMOSYS
,VCV00008658/082021,8/18/2020 22:11,8/19/2020 9:35,8/19/2020 9:25,"DAIMLER INDIA COMMERCIAL VEHICLES,KANCHIPURAM,TAMIL NADU","Perumalpattu - Kottamedu Rd, Oragadam Industrial Corridor, Vattambakkam R.F., Tamil Nadu 631605, India","DAIMLER INDIA COMMERCIAL VEHICLES,KANCHIPURAM,TAMIL NADU",,"12.8390,79.9540","12.8390,79.9540",VAMOSYS
,AEIBK2026042,8/17/2020 19:17,8/19/2020 16:43,8/19/2020 7:40,"Vellaripatti, Madurai, Tamil Nadu","NH 44, Tamil Nadu 624002, India","Devalapura, Mysore, Karnataka",,"9.973636,78.281783","12.223062,76.690357",CONSENT TRACK
,VCV00007734/082021,8/17/2020 14:55,8/19/2020 9:18,8/19/2020 9:10,"DAIMLER INDIA COMMERCIAL VEHICLES,KANCHIPURAM,TAMIL NADU","Unnamed Road, Oragadam Industrial Corridor, Tamil Nadu 631605, India","DAIMLER INDIA COMMERCIAL VEHICLES,KANCHIPURAM,TAMIL NADU",,"12.8390,79.9540","12.8390,79.9540",VAMOSYS
,VCV00008125/082021,8/18/2020 9:11,8/19/2020 9:02,8/19/2020 8:55,"TRACTORS & FARM EQUIPMENT LIMITED,KANCHIPURAM,TAMIL NADU","PLOT NO 3, INDUSTRIAL AREA II - CMDA, MARAIMALAI NAGAR, Maraimalai Nagar, Tamil Nadu 603209, India","TRACTORS & FARMS EQUIPMENTS LIMITED,KANCHIPURAM,TAMIL NADU",,"12.7770,80.0250","12.7780,80.0250",VAMOSYS
,VCV00008126/082021,8/18/2020 9:12,8/19/2020 9:02,8/19/2020 8:55,"TRACTORS & FARM EQUIPMENT LIMITED,KANCHIPURAM,TAMIL NADU","PLOT NO 3, INDUSTRIAL AREA II - CMDA, MARAIMALAI NAGAR, Maraimalai Nagar, Tamil Nadu 603209, India","TRACTORS & FARMS EQUIPMENTS LIMITED,KANCHIPURAM,TAMIL NADU",,"12.7770,80.0250","12.7780,80.0250",VAMOSYS
,VCV00008371/082021,8/18/2020 14:18,8/19/2020 7:50,8/19/2020 7:40,"DAIMLER INDIA COMMERCIAL VEHICLES,KANCHIPURAM,TAMIL NADU","Perumalpattu - Kottamedu Rd, Oragadam Industrial Corridor, Vattambakkam R.F., Tamil Nadu 631605, India","DAIMLER INDIA COMMERCIAL VEHICLES,KANCHIPURAM,TAMIL NADU",,"12.8390,79.9540","12.8390,79.9540",VAMOSYS
,AEIBK2026298,8/18/2020 18:53,8/19/2020 8:03,8/19/2020 7:40,"Vellaripatti, Madurai, Tamil Nadu","TVS Factory, Byathahalli, Karnataka 571311, India","Devalapura, Mysore, Karnataka",,"9.973636,78.281783","12.223062,76.690357",CONSENT TRACK
,VCV00008633/082021,8/18/2020 20:48,8/19/2020 5:20,8/19/2020 5:10,"DAIMLER INDIA COMMERCIAL VEHICLES,KANCHIPURAM,TAMIL NADU","Perumalpattu - Kottamedu Rd, Oragadam Industrial Corridor, Vattambakkam R.F., Tamil Nadu 631605, India","DAIMLER INDIA COMMERCIAL VEHICLES,KANCHIPURAM,TAMIL NADU",,"12.8390,79.9540","12.8390,79.9540",VAMOSYS
,MVCV0000759/082021,8/13/2020 15:58,8/19/2020 0:51,8/13/2020 9:30,"PRAVEEN ENGINEERING INDUSTRIES,HOSUR,TAMIL NADU","Nehru Nagar, Nehru Nagar, Chennai, Tamil Nadu 600057, India","SRI DEVI POWDER COATING INDUSTRIES,CHENNAI,TAMIL NADU",,"12.7510,77.8040","13.2150,80.3200",CONSENT TRACK
,MVCV0000761/082021,8/13/2020 16:03,8/19/2020 0:57,8/13/2020 9:25,"TVSLSL-PUZHAL-HUB,CHENNAI,TAMIL NADU","S.No.113 No.18 Opp Ashok Leyland , Zuzuwadi, Hosur, Tamil Nadu 635126, India","ASHOK LEYLAND PLANT 1- HOSUR,HOSUR,KARNATAKA",,"13.1550,80.1960","12.7400,77.8200",CONSENT TRACK
,MVCV0000786/082021,8/13/2020 18:19,8/19/2020 0:52,8/13/2020 9:50,"LUCAS TVS LTD-AMBATTUR,CHENNAI,TAMIL NADU","Maadathu veedhi, Nettapakkam, Puducherry 605106, India","LUCAS TVS LTD-PONDY,PONDY,PONDICHERRY",,"13.1020,80.1940","11.8720,79.6320",CONSENT TRACK
,VCV00008067/082021,8/17/2020 1:06,8/19/2020 0:44,8/18/2020 21:25,"LUCAS TVS LTD-PONDY,PONDY,PONDICHERRY","Madukkarai Main Rd, Nettapakkam, Puducherry 605106, India","LUCAS TVS LTD-PONDY,PONDY,PONDICHERRY",,"11.8720,79.6320","13.1020,80.1940",VAMOSYS
,VCV00008341/082021,8/18/2020 13:44,8/18/2020 21:35,8/18/2020 21:25,"DAIMLER INDIA COMMERCIAL VEHICLES,KANCHIPURAM,TAMIL NADU","Perumalpattu - Kottamedu Rd, Oragadam Industrial Corridor, Vattambakkam R.F., Tamil Nadu 631605, India","DAIMLER INDIA COMMERCIAL VEHICLES,KANCHIPURAM,TAMIL NADU",,"12.8390,79.9540","12.8390,79.9540",VAMOSYS
,VCV00008634/082021,8/18/2020 20:57,8/18/2020 21:04,8/18/2020 20:55,"TURBO ENERGY LTD-PULIVALAM,VELLORE,TAMIL NADU","SH128, Pulivalam, Tamil Nadu 631102, India","TURBO ENERGY LTD-PULIVALAM,VELLORE,TAMIL NADU",,"13.0680,79.4440","13.0680,79.4440",VAMOSYS
,VCV00008525/082021,8/18/2020 17:49,8/18/2020 20:50,8/18/2020 20:30,"DAIMLER INDIA COMMERCIAL VEHICLES,KANCHIPURAM,TAMIL NADU","Perumalpattu - Kottamedu Rd, Oragadam Industrial Corridor, Vattambakkam R.F., Tamil Nadu 631605, India","DAIMLER INDIA COMMERCIAL VEHICLES,KANCHIPURAM,TAMIL NADU",,"12.8390,79.9540","12.8390,79.9540",VAMOSYS
,VCV00007972/082021,8/17/2020 19:27,8/18/2020 20:36,8/18/2020 20:25,"DAIMLER INDIA COMMERCIAL VEHICLES,KANCHIPURAM,TAMIL NADU","Perumalpattu - Kottamedu Rd, Oragadam Industrial Corridor, Vattambakkam R.F., Tamil Nadu 631605, India","DAIMLER INDIA COMMERCIAL VEHICLES,KANCHIPURAM,TAMIL NADU",,"12.8390,79.9540","12.8390,79.9540",VAMOSYS
,VCV00007986/082021,8/17/2020 20:11,8/18/2020 23:06,8/18/2020 19:45,"LUCAS TVS LTD-AMBATTUR,CHENNAI,TAMIL NADU","TVS 30 Feet Rd, Udhayam colony, Padi, Chennai, Tamil Nadu 600076, India","LUCAS TVS LTD-PONDY,PONDY,PONDICHERRY",,"13.1020,80.1940","11.8720,79.6320",VAMOSYS
,VCV00008510/082021,8/18/2020 17:16,8/19/2020 2:33,8/18/2020 19:45,"WABCO INDIA LTD-AMBATTUR,CHENNAI,TAMIL NADU","274-560, NH716, Mahathma Gandhi Nagar, Tass Industrial Estate, Sidco Industrial Estate, Ambattur, Chennai, Tamil Nadu 600058, India","WABCO INDIA LTD,HOSUR,TAMIL NADU",,"13.0600,80.0600","12.4200,77.4800",BALLY LOGISTICS
,AEIBK2025511,8/10/2020 12:03,8/18/2020 22:23,8/18/2020 15:40,"Vellaripatti, Madurai, Tamil Nadu","NH948, Pudukuiyanur, Tamil Nadu 638503, India","Devalapura, Mysore, Karnataka",,"9.973636,78.281783","12.223062,76.690357",CONSENT TRACK
,AEIBK2025304,8/8/2020 12:15,8/18/2020 21:36,8/18/2020 14:40,"Vellaripatti, Madurai, Tamil Nadu","Samandur - Besthamanahalli Rd, Samanduru, Karnataka 562107, India","Devalapura, Mysore, Karnataka",,"9.973636,78.281783","12.223062,76.690357",CONSENT TRACK
,VCV00008191/082021,8/18/2020 10:48,8/18/2020 17:50,8/18/2020 17:45,"DAIMLER INDIA COMMERCIAL VEHICLES,KANCHIPURAM,TAMIL NADU","Perumalpattu - Kottamedu Rd, Oragadam Industrial Corridor, Vattambakkam R.F., Tamil Nadu 631605, India","DAIMLER INDIA COMMERCIAL VEHICLES,KANCHIPURAM,TAMIL NADU",,"12.8390,79.9540","12.8390,79.9540",VAMOSYS
,MVCV0000965/082021,8/18/2020 15:13,8/18/2020 23:19,8/17/2020 20:05,"TVS MOTOR COMPANY-HOSUR,Hosur,TAMIL NADU","Unnamed Road, Amritha, Hosur, Tamil Nadu 635126, India","TVSLSL-PUZHAL-HUB,CHENNAI,TAMIL NADU",,"12.6740,77.7670","13.1550,80.1960",CONSENT TRACK
,AEIBK2025571,8/11/2020 20:34,8/18/2020 18:06,8/18/2020 12:30,"Vellaripatti, Madurai, Tamil Nadu","Unnamed Road, Nanjangud Rural, Karnataka, India","Devalapura, Mysore, Karnataka",,"9.973636,78.281783","12.223062,76.690357",CONSENT TRACK
